School Giga ID,School Name,Longitude,Latitude,Education Level,Country ISO3 Code,Country Name,School Data Source
6a96ade6-797b-3bce-8726-7cba2576175e,BAKANENG PRIMARY,27.97035789489746,-28.989919662475582,Primary,LSO,Lesotho,
14a4b63e-1126-3404-9ba9-aac3961647f4,BATI,27.936492919921875,-29.916414260864254,Primary,LSO,Lesotho,
54b8d136-6499-3214-9a4e-c0613381287f,BELA-BELA,28.01000022888184,-29.020000457763672,Primary,LSO,Lesotho,
88214e39-bc2f-30ad-ab3d-4ffeca074285,BERENG,27.22969436645508,-29.8144588470459,Secondary,LSO,Lesotho,
46baae0f-dddc-3052-9b38-72fb316b9f3b,BERENG,28.509428024291992,-29.226167678833008,Primary,LSO,Lesotho,
683f3b4d-0753-3dfb-b638-ec15d3334a90,BERENG,28.58458709716797,-29.490257263183597,Primary,LSO,Lesotho,
7d3a81c1-ba5e-34b3-879e-3dcfa8ee15c6,BETHEL,27.799999237060547,-30.200000762939453,Secondary,LSO,Lesotho,
dd4ccf0e-ce03-38fe-807c-ab629c54c29d,BETHEL PRIMARY,27.799999237060547,-30.200000762939453,Primary,LSO,Lesotho,
2cda1996-62cd-3025-84b1-949e8c0841b3,BETHESDA (UAC) PRIMARY,28.48151969909668,-29.33098030090332,Primary,LSO,Lesotho,
8734bc38-df2b-3750-bb24-e94b9e089be0,BISHOP DE MAZENOD,27.600000381469727,-29.399999618530277,Secondary,LSO,Lesotho,
d086e3c7-406c-3b98-9abb-f4191d5e8cb1,BITSO-LEBE,28.029748916625977,-29.17894172668457,Primary,LSO,Lesotho,
686076d5-ea2f-31ed-9ffb-0a9ceac17c54,BOBATSI,28.86757469177246,-29.41509056091309,Primary,LSO,Lesotho,
c3f97c33-be44-36cd-b2f8-f3af5aab71aa,BOBETE,28.66570281982422,-29.42040634155273,Primary,LSO,Lesotho,
07ccd0f5-556c-391d-9ebb-ccba64cefca5,BOCHABELA,27.32084846496582,-29.718799591064453,Primary,LSO,Lesotho,
3389dd76-b9a4-30de-b7e8-1c63cabe3152,BOITEKO MULTIRACIAL,27.9079532623291,-28.904586791992188,Primary,LSO,Lesotho,
6f4d1bf9-d19f-3df6-834a-45638a89d733,BOITELO ENGLISH MEDIUM,27.299999237060547,-29.799999237060547,Primary,LSO,Lesotho,
bd7c998f-a1ac-31fb-8788-97892b103031,BOITELO (LIKHETLANE),27.93438148498535,-28.9791259765625,Secondary,LSO,Lesotho,
04534274-be27-3757-a3bb-c32c575def5d,BOKHOASA PRIMARY SCHOOL,28.892995834350582,-29.560571670532227,Primary,LSO,Lesotho,
0b365899-3c8c-3956-b359-e4e01cd0aae8,BOKOKO PRIMARY,27.5,-29.399999618530277,Primary,LSO,Lesotho,
f778cebc-46b5-308a-97ec-6309ce0b1f91,BOKONG COMMUNITY SEC.,28.45754814147949,-29.3398494720459,Secondary,LSO,Lesotho,
e7fde199-4453-3a25-9ddb-b5604f77dc2a,BOLAHLA,28.234346389770508,-29.03956413269043,Primary,LSO,Lesotho,
144a2382-b1f0-3ac9-ae5f-6d9a9d5b3fcd,BOLAHLA,28.3780460357666,-30.079343795776367,Primary,LSO,Lesotho,
a94eb4ca-b6d0-392d-8613-3d4e468c7fc2,BOLEKA,27.376708984375,-29.68140983581543,Primary,LSO,Lesotho,
75638e06-3689-3537-879d-676c0734a30d,BOLULA,27.9502010345459,-30.20726585388184,Primary,LSO,Lesotho,
9540e21b-4012-3277-9f60-c4c1dec1e21e,BONGALLA,27.224550247192383,-29.694374084472656,Primary,LSO,Lesotho,
a6ffbb6d-e23d-362f-8a4d-2cb641d2f64a,BOOSE,27.881542205810547,-29.09415435791016,Primary,LSO,Lesotho,
57de2d03-4f67-3eb5-af59-ab09363caa67,BOPELI PRIMARY SCHOOL,27.507701873779297,-29.54150390625,Primary,LSO,Lesotho,
ebcd1e3e-4d10-3df7-bed4-c2f0ac97c0c1,BOQATE A.C.L,27.600000381469727,-29.399999618530277,Secondary,LSO,Lesotho,
c0394539-a42e-3f5b-859c-15a4510bee0d,BORIBENG,28.19878196716309,-28.82378387451172,Primary,LSO,Lesotho,
5ebbdfed-a88a-3d87-ad2b-75f9e220b81f,BORIBENG,28.196592330932617,-28.822925567626957,Secondary,LSO,Lesotho,
804c5a42-2fe9-3790-952f-f6d0973c32da,BORITSA LEC,27.76533508300781,-30.035839080810547,Primary,LSO,Lesotho,
5d26ea43-5781-3806-a0f7-c0ea6b337f99,BOSCO,28.141582489013672,-29.173051834106445,Primary,LSO,Lesotho,
8d05f0ea-00a6-3c74-b91f-3da6f345d726,BOTS'OELA,27.604307174682617,-29.805469512939453,Primary,LSO,Lesotho,
f2cffd40-2c77-31f4-b550-4c88256573ce,CANA,27.83342933654785,-29.11371612548828,Primary,LSO,Lesotho,
1199b555-9abf-3040-b2eb-1ec6ce428d59,CHABATSANE,28.305879592895508,-28.99575424194336,Secondary,LSO,Lesotho,
f282edc1-3fdd-3ff8-972f-56c9f61a0d1a,CHABATSANE PRIMARY SCHOOL,28.30470085144043,-28.998010635375977,Primary,LSO,Lesotho,
20d86845-e646-35d5-8f9b-81c97fff26cd,CHAKA,27.934757232666016,-28.863826751708984,Primary,LSO,Lesotho,
862ed5e8-5c67-35ff-9203-4e4077637f58,CHRISTIAN ACADEMY,28.103200912475582,-28.985748291015625,Primary,LSO,Lesotho,
35b83d32-3ef6-3e13-93bf-7f6f409031a0,CHRIST THE SAVIOUR,27.960777282714844,-29.10550117492676,Secondary,LSO,Lesotho,
0cccce71-3dd6-3aec-be04-f38629fe8c5e,CORN-EXCHANGE PRIMARY,28.0,-29.0,Primary,LSO,Lesotho,
665b8e01-2fc9-359e-b6f3-801a6aab6da2,DAHON PRIMARY,28.0,-29.100000381469727,Secondary,LSO,Lesotho,
933734b0-29e5-37c6-94b7-9ca4fba52644,DALEWE,27.961036682128903,-30.394271850585938,Primary,LSO,Lesotho,
09fc41b7-8cb9-37ac-bc28-ad7a777a27f6,DANIEL DANYELE,27.91607093811035,-30.12922096252441,Primary,LSO,Lesotho,
079bbdc2-50ca-3116-9751-3435961699e5,EAGLES HIGH SCHOOL,27.932392120361328,-28.89151954650879,Secondary,LSO,Lesotho,
d644566e-1c0e-3843-bb5f-cae936717cd4,EBEN-EZER,28.152263641357425,-28.77040100097656,Primary,LSO,Lesotho,
71e74207-c959-3957-8fbb-fde1fac83076,EMMANUEL,28.163795471191406,-28.797616958618164,Primary,LSO,Lesotho,
3b7bd6b8-ed10-3d2b-95de-5b471823a650,EMMANUEL,28.16292953491211,-28.799694061279297,Secondary,LSO,Lesotho,
2c21a992-49a5-312c-a9ef-1f4b2cb90a41,EMMANUEL ENGLISH MEDIUM HIGH SCHOOL,27.738433837890625,-29.07331275939941,Secondary,LSO,Lesotho,
c41f8cf7-f321-3bd1-b13e-462617f103f4,EMMAUS,27.545255661010746,-29.753150939941406,Primary,LSO,Lesotho,
cfcdc9f7-7e37-3b70-b9a8-34a340e54c3c,FALIMEHANG COMMUNITY,27.58764266967773,-29.412187576293945,Primary,LSO,Lesotho,
437a9e6a-0cc1-3d24-969e-d1f05390b9d5,FATIMA,27.78124046325684,-29.662485122680664,Primary,LSO,Lesotho,
3e8dec88-a66a-3e60-a8d7-ec2b57360348,FIKA-LE-MAHLOANA,27.976808547973636,-30.321184158325195,Primary,LSO,Lesotho,
d90d309b-daaf-3ddd-94cd-2ecc9402a81a,FIKA-LE-MAHLOANA (MOHLORI),28.02547264099121,-30.31742286682129,Primary,LSO,Lesotho,
2e8d9659-2bbb-37e6-8568-f7fbb8b65e30,FIKA-LE-MOHALA,27.538463592529297,-29.44924545288086,Primary,LSO,Lesotho,
842c6bf3-c03b-3e7f-9df7-7bdda842bd6d,FIRI PRIMARY,28.520000457763672,-29.43000030517578,Primary,LSO,Lesotho,
e0e2b48d-57bd-30ca-8e96-252d5625d94b,FOBANE PRIMARY SCHOOL,27.87737464904785,-29.051979064941406,Primary,LSO,Lesotho,
dd829656-9e69-3992-9caa-00c2df86fa82,FOBANE SECONDARY SCHOOL,27.879695892333984,-29.052654266357425,Secondary,LSO,Lesotho,
b6027a4e-4c0b-35c7-a88c-0e924c11e554,FR.MENARD,27.371694564819336,-29.5063533782959,Primary,LSO,Lesotho,
baefe747-7630-3b23-afa5-cb08c8b01f1c,GETHSEMANY,27.882930755615234,-29.1807861328125,Primary,LSO,Lesotho,
ab0ac1df-ccb3-3628-a530-e1906dc716c8,GET TOGETHER,27.570043563842773,-29.443851470947266,Primary,LSO,Lesotho,
0e9e25be-8c3e-3349-8754-c2b233b88ac0,GUARDIAN ANGEL PRIMARY,28.21478271484375,-28.96629905700684,Primary,LSO,Lesotho,
7cc2bbe5-ccc6-31d7-9d8f-e9f21db67900,HALEBONE GOV PRIMARY SCHOOL,27.799999237060547,-29.13999938964844,Primary,LSO,Lesotho,
f0e39a48-0625-3bc9-8dbc-f27d2adf7af0,HAREENG,28.24989318847656,-30.041927337646484,Secondary,LSO,Lesotho,
da75896a-8e58-373c-a41e-3ea49865941f,HLAJOANE (2002),27.925493240356445,-29.072927474975582,Primary,LSO,Lesotho,
a0a2354b-8007-3686-9628-17a04aacd49d,HLALELE,27.413185119628903,-29.43962860107422,Secondary,LSO,Lesotho,
baeeb69f-0624-3bc7-b951-27ed88d3a3b1,HLEOHENG,28.26404190063477,-29.65855598449707,Primary,LSO,Lesotho,
45fbda19-66c0-36b8-9501-5f55f2a35e60,HLEOHENG,27.88294792175293,-28.92572784423828,Secondary,LSO,Lesotho,
ed26a535-3714-3d72-9e3f-832ec7d5c399,HLEOHENG P. SCHOOL,27.870044708251957,-28.92487144470215,Primary,LSO,Lesotho,
a155cc9c-88ce-3559-87d6-bae5b41d1868,HLOAHLOENG,28.200000762939453,-30.030000686645508,Primary,LSO,Lesotho,
6b9f9896-146e-3dea-8f50-189f1ca11262,HLOAHLOENG PRIMARY,28.1200008392334,-30.020000457763672,Primary,LSO,Lesotho,
5ddd0df1-1968-3296-9257-11a0f967cf07,HLOTSE,28.05948257446289,-28.86693572998047,Secondary,LSO,Lesotho,
00669506-6acd-323a-9945-936e801bfa9b,HLOTSE COMMUNITY PRIMARY SCHOOL,28.072444915771484,-28.87403678894043,Primary,LSO,Lesotho,
4e04b246-7e4c-3bc5-9e61-0fd5e0ba5e4c,HLOTSE LEC PRIMARY,28.04792594909668,-28.870262145996094,Primary,LSO,Lesotho,
2254aff6-df95-3d4a-8566-a26ac7ecd210,HLOTSE METHODIST PRIMARY SCHOOL,28.04086303710937,-28.86336898803711,Primary,LSO,Lesotho,
d50c17f5-b1d7-35a5-b7aa-1a63081167aa,HOLY FAMILY HIGH SCHOOL,27.95903587341309,-28.902099609375,Secondary,LSO,Lesotho,
7106055e-6c34-32ab-8372-4ebdbda681af,HOLY NAMES,28.004430770874023,-29.025285720825195,Secondary,LSO,Lesotho,
814df6c5-ece6-3edd-b652-5e048beabd14,HOLY TRINITY RC PRIMARY SCHOOL,28.15432357788086,-28.92996406555176,Primary,LSO,Lesotho,
8d69205a-0995-3708-8a72-d62b04707bdd,HOPE SECONDARY SCHOOL,27.299999237060547,-29.799999237060547,Secondary,LSO,Lesotho,
b008c096-3f59-3763-b987-e07cb6c82326,IHLO-LETS'O,28.906476974487305,-29.399717330932617,Primary,LSO,Lesotho,
b273b0cb-ad64-3924-b2cc-1eaf087a803d,IKAHENG,27.600000381469727,-29.399999618530277,Primary,LSO,Lesotho,
eb382e5a-ae71-3ec0-9aec-8bdc1f9e2c75,IKHETHELENG COMBINED SECONDARY,28.0,-28.899999618530277,Secondary,LSO,Lesotho,
b51b56aa-6d8f-3516-b2e4-cf0b8080568c,IKHETHELENG COMMUNITY,28.099063873291016,-28.839019775390625,Primary,LSO,Lesotho,
9f3c3063-4421-3a59-bac3-c8e83e6bc322,IMMACULATE,27.899999618530277,-29.100000381469727,Secondary,LSO,Lesotho,
22570f1b-dac2-3cba-b750-32a5627b9f13,IMPERIAL SECONDARY SCHOOL,27.976247787475582,-29.118803024291992,Secondary,LSO,Lesotho,
08cf3420-7b86-3c17-8010-224baa2b1408,IPOPENG SECHABA PRIMARY,27.72764015197754,-28.98594284057617,Primary,LSO,Lesotho,
d5d0d9ed-889b-3d4f-9fe0-d7ffe54e0fa1,ITEKENG PITSENG,28.849565505981445,-29.56825256347656,Primary,LSO,Lesotho,
4df0bde0-df41-3f14-9530-084d4249bc36,JAMES MAKHOBALO,27.53780937194824,-29.41053581237793,Primary,LSO,Lesotho,
c2da3bf0-1af1-3cb1-be71-e96cbe1aa16b,JEKE,28.95594596862793,-29.48892593383789,Primary,LSO,Lesotho,
134f2c53-74bf-34ad-ba91-794777e35dd6,JOEL PRIMARY,27.51858329772949,-29.79205322265625,Primary,LSO,Lesotho,
79bdc918-04e4-3b09-8f8b-2701875bc112,JONATHAN,28.102575302124023,-28.806394577026367,Primary,LSO,Lesotho,
ad3f3f3b-c9ce-3d60-8150-b89e94c54016,JOY TO THE WORLD,28.073434829711918,-28.8718318939209,Primary,LSO,Lesotho,
87f5427f-97d4-3d1b-8a40-42f11cf19cbb,JOY TO THE WORLD SEC,28.074132919311523,-28.869842529296875,Secondary,LSO,Lesotho,
e17d02e2-83af-31c4-8922-35e18470e975,KABI,27.754779815673828,-30.32682991027832,Primary,LSO,Lesotho,
00fa6e9d-001b-370f-bb65-3fc041354318,KATLEHONG,28.60936164855957,-29.52284240722656,Primary,LSO,Lesotho,
1261020c-9df1-385f-b0fc-401405ef8df1,KEENYA PRIMARY SCHOOL,27.849966049194336,-28.93824577331543,Primary,LSO,Lesotho,
4e7a74dc-5475-33de-ad71-f97d7fa5af7f,KELEBONE PRIMARY SCHOOL,28.201473236083984,-30.217056274414062,Primary,LSO,Lesotho,
81ca07bc-9df5-3ea6-93c5-dbe55f0aad07,KENA,27.6923770904541,-29.72086906433105,Primary,LSO,Lesotho,
43d67d98-c595-30c7-b23f-a816aa026011,KENENE,28.87071418762207,-29.649152755737305,Primary,LSO,Lesotho,
dae733fa-0717-3fa7-a699-b16dff5c8330,KEPI GOVERNMENT PRIMARY SCHOOL,27.84000015258789,-29.200000762939453,Primary,LSO,Lesotho,
0a07e7df-9d70-307f-a4f6-0fdb12ea54c4,KETANE,27.85257339477539,-30.0666446685791,Primary,LSO,Lesotho,
b606b96b-632a-34a6-bb74-c52bbdd75918,KETANE (HLALELE),27.68538856506348,-30.124622344970703,Primary,LSO,Lesotho,
5302c89a-f073-3578-a925-12d97e96cfc3,KHAFUNG,27.89981842041016,-29.10380744934082,Primary,LSO,Lesotho,
9e60b050-5653-343f-80b0-7eb0c0383d14,KHAJOANE,28.091251373291016,-30.05689811706543,Primary,LSO,Lesotho,
e45df75e-f251-3e4d-be6c-4354d7119a02,KHAKENG (1995),28.09601783752441,-30.249271392822266,Primary,LSO,Lesotho,
659a97f0-5566-3fd4-8f55-4d7e317218f0,KHAKHATHANE,27.51000022888184,-29.57999992370605,Primary,LSO,Lesotho,
db66c6dc-75d1-3b33-ad44-578854f73624,KHAMOLANE,28.176006317138672,-30.143537521362305,Primary,LSO,Lesotho,
88cd3b25-d408-37ce-8f0c-e813a60f0a21,KHANYANE,28.106897354125977,-28.884185791015625,Primary,LSO,Lesotho,
f18013f2-e0bd-3ee0-af0e-d5c7a458ede0,KHANYANE (NTLOANA-TSOANA),28.0,-28.899999618530277,Secondary,LSO,Lesotho,
1a2f26d5-a7ab-3f76-bfd7-09c898bd2014,KHETHISA HIGH SCHOOL,28.232501983642575,-29.0191650390625,Secondary,LSO,Lesotho,
edd6852c-8458-3093-b4a0-7dd6863f42ca,KHIBA,27.908390045166016,-29.92784118652344,Primary,LSO,Lesotho,
61ad8ae7-7815-39bb-aa7f-fb1318bd7a6a,KHILIBITING,27.494112014770508,-29.899776458740234,Primary,LSO,Lesotho,
6961cf69-d11e-3f81-a2d6-4c47652fbb96,KHOARAI,27.693628311157227,-29.503332138061523,Primary,LSO,Lesotho,
b4d83d0e-c3d5-3a28-afd8-b0d9c5d8ca15,KHOELI,28.732440948486328,-29.477155685424805,Primary,LSO,Lesotho,
116242ab-d9e5-362a-9951-a98a48f7046d,KHOHLONTS'O PRIMARY,28.491432189941406,-29.371124267578125,Primary,LSO,Lesotho,
0dd86933-a90b-3a8f-b710-b19e6a751877,KHOKHOBA,28.060518264770508,-29.16701316833496,Primary,LSO,Lesotho,
4dcbcb2d-2998-3150-84cf-53eb7b0d4410,KHOLA PRIMARY,27.308921813964844,-29.67147254943848,Primary,LSO,Lesotho,
e7aed98c-3aa7-3a55-a14c-beaa3df0363d,KHOLOANYANE,27.565216064453125,-29.9174861907959,Primary,LSO,Lesotho,
255cfe4a-c8ee-37e7-a39f-d04c441af3b3,KHOLOLIKANE,27.706932067871094,-29.61216926574707,Primary,LSO,Lesotho,
556d62b4-089f-33d3-ae36-3e43c7c02f10,KHOMO EA MOLLO,28.77406311035156,-29.74452209472656,Primary,LSO,Lesotho,
7d2bd0f4-8588-3f32-b1b9-c7334767d3b4,KHOMO-LI-ILENG,28.61330795288086,-29.459003448486328,Primary,LSO,Lesotho,
92711453-9761-3426-b349-eea5dd3510d8,KHOMO PHATSOA GOV PRIMARY,28.559999465942383,-29.59000015258789,Primary,LSO,Lesotho,
3e95a952-f76b-39e5-9249-f525818f8643,KHOPUNG (MAIEANE),28.5713005065918,-29.30602264404297,Primary,LSO,Lesotho,
21f0f618-a594-38fd-bafb-25c60826e183,KHOPUNG R.C.,28.60402488708496,-29.34933280944824,Primary,LSO,Lesotho,
ab7e5c77-0ee2-3dc2-ba3f-86c1eae47636,KHOTLA,27.58429527282715,-29.746492385864254,Primary,LSO,Lesotho,
35b60cf7-ccf0-3568-a422-26d3a83752cf,KHOTSANG GOVERNMENT,28.809803009033203,-29.30062294006348,Primary,LSO,Lesotho,
31f69fa5-4270-3377-bd5d-4180ea1526f1,KHOTSONG,28.839012145996094,-29.62663078308105,Primary,LSO,Lesotho,
06fa596c-7e71-378e-be80-9f2ac7e6c640,KHUBETSOANA,27.64208602905273,-29.694351196289062,Primary,LSO,Lesotho,
05b0ff17-3976-3a56-98ac-ce1535663128,KHUBETSOANA,27.521289825439453,-29.282150268554688,Secondary,LSO,Lesotho,
8b5c0515-8db0-3291-b796-0c2a8b061bdd,KHUBETSOANA,28.047212600708008,-29.128570556640625,Primary,LSO,Lesotho,
f8e2f188-5c34-3d68-a184-ff12e875befe,KOALI,27.75774955749512,-29.2009391784668,Primary,LSO,Lesotho,
df75b8dc-fa4e-3f4c-9189-ccbafd2c8d98,KOALI,27.84752655029297,-30.28280067443848,Primary,LSO,Lesotho,
fb912551-4963-385a-9b86-f55440bfe8eb,KOENANENG PRIMARY SCHOOL,28.191530227661133,-28.798070907592773,Primary,LSO,Lesotho,
fcaa8659-1f70-33b6-be95-ff80ad933533,KOENENG,28.007688522338867,-29.07413673400879,Primary,LSO,Lesotho,
df51097a-b763-32c4-91ba-4823363d33bb,KOENENG [FUTHONG),28.00919342041016,-29.07780265808105,Secondary,LSO,Lesotho,
20ce9bef-2dab-3499-9c8d-1742c5d528a5,KOENYAMA L.E.C,27.737987518310547,-29.7127628326416,Primary,LSO,Lesotho,
4f9d8acc-8b17-319e-985d-a845e626c387,KOKI,27.483455657958984,-29.68624496459961,Primary,LSO,Lesotho,
5c2c619e-14d8-3617-9237-93bfbdbade83,KOKOBE,27.84052085876465,-30.128440856933597,Primary,LSO,Lesotho,
d2c6fa58-bc36-3172-bacb-83f50076363e,KOLBERG,28.567916870117188,-29.45834350585937,Primary,LSO,Lesotho,
5af944f9-fc75-301d-a1fd-c250e3fce4b4,KOLO,27.34532165527344,-29.591968536376957,Primary,LSO,Lesotho,
5bb6b23a-87a0-3300-8c17-0c340356791a,KOLOJANE,28.04129409790039,-29.00360107421875,Primary,LSO,Lesotho,
6c2fe865-0c1b-3cfc-a370-b342e69cdfa6,KOLOJANE SECONDARY SCHOOL,28.047340393066406,-29.004056930541992,Secondary,LSO,Lesotho,
f6652413-4179-39ae-897f-0e66f8dea51e,KOLO [NTSIE],27.3436336517334,-29.581016540527344,Secondary,LSO,Lesotho,
245836d3-e040-3069-a4d4-89eb7025746c,KOLONYAMA,27.717159271240234,-29.06422615051269,Secondary,LSO,Lesotho,
d2bd23df-e49c-3000-845a-2be0187dde6c,KOLONYAMA,27.737045288085938,-29.059986114501957,Primary,LSO,Lesotho,
8c5e270e-d529-3bbe-b12e-e33a9b8f3ac7,KOMA-KOMA PRIMARY SCHOOL,28.01907539367676,-29.096759796142575,Primary,LSO,Lesotho,
f0fcf425-045e-3940-b8f2-56848906fe2f,KOPANANG PRIMARY SCHOOL,27.556781768798828,-29.502391815185547,Primary,LSO,Lesotho,
f687c59b-468e-34e5-a10b-ac75c227a2cb,KOPANONG L.E.C,28.236669540405277,-30.13628578186035,Primary,LSO,Lesotho,
d6891927-f1c4-390d-8002-975f5fddff64,KOPANONG PRIMARY SCHOOL,27.25904083251953,-29.75607681274414,Primary,LSO,Lesotho,
a6c8c835-edeb-3945-b680-545eb2f9a240,KORI,27.821950912475582,-30.102827072143555,Primary,LSO,Lesotho,
207199a2-9b7c-3626-8ca2-bb13e5942bb7,KORO-KORO,27.64710235595703,-29.54792594909668,Primary,LSO,Lesotho,
37212c74-c1cc-378a-bced-945b27b83d6f,KUBAKE,27.7376766204834,-29.74133682250977,Primary,LSO,Lesotho,
09a73552-6b6e-3d3f-a04a-1dbade188f2b,KUBUNG,28.01000022888184,-30.059999465942383,Secondary,LSO,Lesotho,
961e1d93-a235-37ea-a18d-f5992e0f1543,KUBUNG,28.015918731689453,-30.096214294433597,Primary,LSO,Lesotho,
f66bf191-1e27-3e32-a8f7-821944bb9c86,KUTLOANONG PRIMARY,28.020000457763672,-30.020000457763672,Primary,LSO,Lesotho,
611197ec-a929-3f45-8bfc-baa3c9500222,LAZARO PRIMARY,28.132083892822266,-30.303680419921875,Primary,LSO,Lesotho,
8d063b92-eea3-33bd-bf10-c7eab149ebbf,LEAOOA,28.200000762939453,-29.100000381469727,Primary,LSO,Lesotho,
7196cc3d-be86-3bd3-9970-a5d040996dab,LEBELONYANE PRIMARY (NEW SITE),28.00409698486328,-30.174760818481445,Primary,LSO,Lesotho,
0b2f9839-8bde-3d22-86a9-1b20f543db65,LEBONA,27.68537139892578,-29.83591079711914,Primary,LSO,Lesotho,
a7bc4c6a-1b97-344d-a445-c7beec140ec9,LEBONA A.C.L.,27.69732666015625,-29.837181091308597,Primary,LSO,Lesotho,
2bbfbc34-6ffb-3553-8dba-b972904082f6,LEBURU,27.22073745727539,-29.61479949951172,Primary,LSO,Lesotho,
04418e96-2292-3e5f-a010-18e41ddddb5e,LEHAHANENG,27.55472755432129,-29.881324768066406,Primary,LSO,Lesotho,
c4fbd01d-5a9f-371b-8467-72415da3f8f7,LEJAKANE,28.139812469482425,-28.829484939575195,Primary,LSO,Lesotho,
4ba356c6-7f37-38cf-8c5c-9399063c884b,LEKHALONG PRIMARY SCHOOL,27.907032012939453,-29.02511978149414,Primary,LSO,Lesotho,
b6337fbe-0413-3652-955f-4beba2fb6b56,LEKHATJE,27.63748359680176,-29.872058868408203,Primary,LSO,Lesotho,
74f7d393-d1ad-3823-beb3-931091496736,LEKOATSA,27.445802688598636,-29.817848205566406,Primary,LSO,Lesotho,
ece864a4-6fc0-35f3-932b-b7a03988d953,LEKORANA,28.968503952026367,-29.531370162963867,Primary,LSO,Lesotho,
9ef663fa-aa6c-3ed4-9942-ea584b717f29,LEKORO,27.928340911865234,-30.309852600097656,Primary,LSO,Lesotho,
54fcd0c4-afc8-327b-ac4f-bcb97095b236,LEKOTA COMM,27.719240188598636,-29.637928009033203,Primary,LSO,Lesotho,
0245cdb9-3c6e-3bba-882e-9a4fd9aebb51,LEKUNUTU PRIMARY,27.76789283752441,-29.578914642333984,Primary,LSO,Lesotho,
fb9eb1dc-4e74-3a10-be73-63ee6a36c44e,LELAKA PRIMARY,28.686189651489254,-29.62379264831543,Primary,LSO,Lesotho,
fae25814-c33c-3c51-b4e2-dec7a6147a4b,LEMPE GVN PRIMARY,27.819494247436523,-30.203258514404297,Primary,LSO,Lesotho,
11f3eadb-0b43-3880-95e5-83758a834c75,LEMPETJE,27.359729766845703,-29.79537582397461,Primary,LSO,Lesotho,
5705053b-e0a6-3528-9004-5a1eeb5edba1,LENEA,27.84258079528809,-29.13108253479004,Primary,LSO,Lesotho,
bff3764c-fe0a-346e-992c-ac59d7405817,LENGAU,27.711668014526367,-30.224815368652344,Primary,LSO,Lesotho,
00502779-67b9-3fd4-9025-35ef9bec0bf3,LENGAU,27.440000534057617,-29.46999931335449,Primary,LSO,Lesotho,
dfe59b92-66c7-34e1-b414-d3a9162ad7d9,LENONO GOVERNMENT,27.600000381469727,-29.399999618530277,Primary,LSO,Lesotho,
0b1da723-d868-30d9-90cc-5a806f8234ec,LENTSOANENG COMM. PRIMARY,28.25362968444824,-28.88107109069824,Primary,LSO,Lesotho,
0b1d2dc3-bfcd-35a7-bafe-3fbcc28c92cb,LEPHOTO,27.846689224243164,-29.99415779113769,Primary,LSO,Lesotho,
fb82eb41-ab88-328f-9861-5d70b0db4827,LEQELE HIGH,27.5,-29.399999618530277,Secondary,LSO,Lesotho,
b9033bc5-bfe3-3a29-94ef-36601643160d,LEQELE PRIMARY SCHOOL,27.5,-29.399999618530277,Primary,LSO,Lesotho,
f1db5a20-90d2-3de6-b6f5-916f87e10d7e,LEQHEKU,28.005157470703125,-30.14999008178711,Primary,LSO,Lesotho,
0a4a2e46-6008-3ee3-bdfb-d6e028afe743,LEQHETSOANA,27.594200134277344,-29.446685791015625,Primary,LSO,Lesotho,
4af64fff-d255-35c4-bd05-e235ac680dda,LERATO,27.28797912597656,-29.777973175048828,Primary,LSO,Lesotho,
18559d93-b8a2-3e18-8a74-75fe24186315,LERATO PRIMARY SCHOOL,27.7996826171875,-29.136690139770508,Primary,LSO,Lesotho,
8b8983fd-16b5-3443-ab34-2746feffe3f0,LEREKO,27.928203582763672,-29.199575424194336,Primary,LSO,Lesotho,
eacd6a9e-87de-38eb-82c7-0fa66d87897a,LERIBE,28.099647521972656,-28.829050064086918,Primary,LSO,Lesotho,
d6884acb-669a-3643-8067-760f7d1d4d46,LERIBE ENGLISH MEDIUM,28.04350471496582,-28.86382484436035,Secondary,LSO,Lesotho,
dbd78f42-770c-390e-ba90-85dbde90019c,LERIBE ENG.MEDIUM PRIMARY,28.043441772460938,-28.86397171020508,Primary,LSO,Lesotho,
b6ed7331-9948-3b2e-9fe6-2d11972b297e,LERIBE HIGH SCHOOL,28.090578079223636,-28.830867767333984,Secondary,LSO,Lesotho,
ff9f49b2-2da5-3554-a0c6-cc9095414d86,LESAOANA,28.079240798950195,-28.840499877929688,Primary,LSO,Lesotho,
0f30e8b8-bcad-3639-9bca-ae12210f6078,LESAOANA,27.5,-29.700000762939453,Secondary,LSO,Lesotho,
4a5799f4-1fc0-32a0-a0b5-5253a09962e2,LESHOLU PRIMARY,28.10710906982422,-30.152816772460938,Primary,LSO,Lesotho,
ba8d1ab6-cf65-33b2-bddf-fb7c7740a386,LESIAMO,28.133129119873047,-28.93353080749512,Primary,LSO,Lesotho,
1545ef44-9753-3f17-9edb-c7dfa07bc860,LETELE,28.10921287536621,-30.14640045166016,Primary,LSO,Lesotho,
37664374-4b60-3e79-9d6d-66662cdca445,LETLAPENG,27.70345115661621,-30.34017944335937,Primary,LSO,Lesotho,
8a5cfaf1-bd11-394b-badb-d27e9f270cfd,LETLAPENG,27.465547561645508,-29.673030853271484,Primary,LSO,Lesotho,
b924d064-f94c-39a8-a31c-c49c48f9b892,LETLOTLO GOVERNMENT PRIMARY,28.11210823059082,-29.95572280883789,Primary,LSO,Lesotho,
b963753f-8938-3c68-8439-f87af29f8403,LETSABA,28.01875877380371,-29.95014762878418,Primary,LSO,Lesotho,
2a807a6b-b55d-37d1-bf06-a3acb4a94217,LETSATSENG,28.73170661926269,-29.761938095092773,Primary,LSO,Lesotho,
6a773483-8374-3d81-a3c9-a2b26ecefb4b,LETSOOA,28.25408744812012,-30.113618850708008,Primary,LSO,Lesotho,
dda4bad1-550e-37dd-9ca3-b9a94f5cd519,LETSUNYANE,27.756818771362305,-29.667499542236328,Primary,LSO,Lesotho,
3c4ad111-ab1f-35f1-9a1b-7b39e91450e2,LICHECHENG,27.757362365722656,-29.656816482543945,Primary,LSO,Lesotho,
84c6288e-59d5-36a0-b8f0-8fedc61239b7,LIEPELENG,28.67608070373535,-29.33867454528809,Primary,LSO,Lesotho,
1226cde8-190c-3d96-90b3-18c443ecb242,LIHLOAHLOENG PRIMARY,28.714977264404297,-29.514991760253903,Primary,LSO,Lesotho,
794da62a-aa53-3f83-a0f1-eb0db60ba5db,LIKEPE GOVERNMENT PRIMARY,27.799999237060547,-29.600000381469727,Primary,LSO,Lesotho,
9e81a74e-a248-385a-864c-e783cfc7c2ad,LIKEPE secondary school,27.799999237060547,-29.600000381469727,Secondary,LSO,Lesotho,
b2d2c007-8fce-337d-9d2c-0d824336eaf5,LIKHAKENG,28.093830108642575,-28.917285919189453,Secondary,LSO,Lesotho,
81a09e26-eb93-3e29-9750-562236532bc5,LIKHAKENG,28.071964263916016,-28.90871810913086,Primary,LSO,Lesotho,
e3f1f844-00bb-3e93-8419-f53242522b57,LIKHAKENG LEC,27.317138671875,-29.61928939819336,Primary,LSO,Lesotho,
b9263b3c-e49d-3bba-95de-fcff05289f38,LIKHEO PRIMARY SCHOOL,27.95476531982422,-29.160362243652344,Primary,LSO,Lesotho,
4bf25c58-d9b8-362b-a8be-86086241af81,LIKHETLANE,27.93646049499512,-28.979494094848636,Primary,LSO,Lesotho,
199fe96c-fe0a-3e59-9045-e65483285e86,LIKHETLENG,27.303787231445312,-29.53864288330078,Primary,LSO,Lesotho,
044e7c4b-9e4b-3430-8a6f-e29ed4c988e5,LIKHOELE,27.312902450561523,-29.824913024902344,Primary,LSO,Lesotho,
fa9a0c8c-b65a-358c-bb6a-fb4d56e8860e,LIKHOTOLIENG,28.0,-29.0,Primary,LSO,Lesotho,
4f7d1599-788f-3511-b3cb-32dd66c780b2,LIKILENG PRIMARY SCHOOL,28.163101196289062,-29.016326904296875,Primary,LSO,Lesotho,
0b3aceaa-6ec7-3490-b139-a735927155e5,LIKOTSI LEC,27.4616813659668,-29.39152336120605,Primary,LSO,Lesotho,
bdaeb0e9-38bd-3d38-965a-7250e9fe8289,LIKUILING COMMUNITY,27.741670608520508,-29.55816650390625,Primary,LSO,Lesotho,
317fc5d1-21a3-35d0-bf15-2f81337f1fec,LINAKA,28.868471145629883,-29.509254455566406,Primary,LSO,Lesotho,
13157397-eab6-3b8b-bb83-a2dfe82964dc,LINAKANENG,28.92484664916992,-29.498565673828125,Secondary,LSO,Lesotho,
de40adfa-5a0b-374c-959f-a10970e073d1,LINAKANENG PRIMARY,28.919227600097656,-29.499120712280277,Primary,LSO,Lesotho,
b06de433-c0e2-3ced-9364-e4d3e6efea95,LINAKENG,28.533859252929688,-30.026086807250977,Primary,LSO,Lesotho,
1623e3cb-1206-345b-b90a-6f89e8dcf08b,LINAKENG,28.7834415435791,-29.5302848815918,Primary,LSO,Lesotho,
78a3eac6-4d0d-353a-b357-7093a2689af0,LINARENG,27.997455596923828,-28.888427734375,Primary,LSO,Lesotho,
40c4402a-c081-3a14-ad60-8fa5d4150cdc,LINOTSING,28.02667999267578,-28.934600830078125,Secondary,LSO,Lesotho,
67bbcfb7-be92-3ea3-adeb-52853bb53a43,LINOTS'ING,27.421314239501957,-29.951114654541016,Primary,LSO,Lesotho,
ac0f484e-436a-3fdb-8f38-5e9515102ad3,LINOTS'ING,28.01884078979492,-28.93337631225586,Primary,LSO,Lesotho,
519e8f38-a6d0-3ef4-9284-429c484ef859,LINOTS'ING,28.9233455657959,-29.65115737915039,Primary,LSO,Lesotho,
0fd9730f-4fe0-3eee-bcfc-e64b4b7fbbaa,LINTSA GOVERNMENT PRIMARY SCHOOL,27.799999237060547,-29.0,Primary,LSO,Lesotho,
7960fce0-98cd-3952-b367-63e9d3536548,LIOTLOANENG,28.10369300842285,-29.158248901367188,Primary,LSO,Lesotho,
6ed0c78e-8b5b-379e-a974-0d695df0a944,LIPETU PRIMARY,28.11833381652832,-29.049781799316406,Primary,LSO,Lesotho,
39d2d3c5-fc41-3b73-8302-54b4977a39cb,LIPHAKOENG,28.15202522277832,-30.022979736328125,Primary,LSO,Lesotho,
0788d974-d9e3-315b-b1de-3eebbc509e76,LIPHOHONG HIGH SCHOOL,27.929767608642575,-29.20265007019043,Secondary,LSO,Lesotho,
720861f9-0143-30e0-9a45-5a1cf72f21fa,LIPHOOKOANENG PRIMARY,27.936372756958008,-29.04664421081543,Primary,LSO,Lesotho,
dfd8d814-e632-3b57-852a-0d6e4fd29f6b,LIQOABING PRIMARY SCHOOL,27.37611389160156,-29.534025192260746,Primary,LSO,Lesotho,
5022e228-ee5e-32de-af42-d20f1c0f1f1b,LISOLANE,28.19175148010254,-29.02911949157715,Primary,LSO,Lesotho,
e5bc9e69-49c7-3f18-9ded-f35cc631c466,LITLHOATS'ANENG,28.1262149810791,-28.774755477905277,Primary,LSO,Lesotho,
410780b7-4bf5-3db7-98ce-de7c55e108fd,LITSOETSE,28.7072868347168,-29.650371551513672,Primary,LSO,Lesotho,
cd01212a-ceca-3d8b-ba46-db2e62486e84,LITS'OKELENG,27.600000381469727,-29.899999618530277,Primary,LSO,Lesotho,
aa5823e7-53bd-344a-834e-76344ab70713,LOTI,28.593698501586918,-29.512386322021484,Primary,LSO,Lesotho,
f26f9617-6968-3f38-adde-c27c61739d6c,LOTI R.C. PRIMARY,28.237688064575195,-28.834829330444336,Primary,LSO,Lesotho,
6abdad9b-42b1-38ea-9a7a-fbb29c07a8d5,LUKA,27.56474876403809,-29.450815200805664,Primary,LSO,Lesotho,
2dd8150a-cb77-36fc-bf25-e783d5b635b3,LUKA,28.11000061035156,-29.59000015258789,Primary,LSO,Lesotho,
d7b66578-e0f1-3c43-8188-8d55e9fe98d6,MABATLA,27.47676086425781,-29.869760513305664,Primary,LSO,Lesotho,
251b9e1c-1c3c-330a-a4ff-e49081405de0,MABOEE,27.91525650024414,-28.918855667114254,Primary,LSO,Lesotho,
ba8dd2fa-8ad0-30aa-b75d-6afd17e331a8,MABOLOKA SECONDARY SCHOOL,28.899999618530277,-29.399999618530277,Secondary,LSO,Lesotho,
3dcfb7f6-b9d0-3695-9abc-08bb777d87ce,MABOOE HIGH SCHOOL,27.914077758789062,-28.91823387145996,Secondary,LSO,Lesotho,
1e25897b-5070-325f-8f31-6054b2d51d29,MACHAKELA (ST JOSEPH),27.69029426574707,-29.743505477905277,Primary,LSO,Lesotho,
d15e6d3f-9a77-3073-a5bc-d6e04971ed5a,MACHEKOANENG,27.5405387878418,-29.43244171142578,Primary,LSO,Lesotho,
01a09192-510c-32e9-9664-f892a12e3fc3,MACSEM (MALUTI ADVENTIST),27.956499099731445,-29.107030868530277,Primary,LSO,Lesotho,
64643af5-c13f-3c1b-9739-b8fec3267844,MAFIKALISIU,27.59332847595215,-29.69488906860352,Primary,LSO,Lesotho,
ab0af578-290f-3ddf-82e4-9793f81a6c45,MAFIKA-LISIU R.C.,27.80215072631836,-30.06056404113769,Primary,LSO,Lesotho,
b765940e-4b95-3f85-8475-fb446c8439cc,MAFUBE,27.92252540588379,-28.89773750305176,Primary,LSO,Lesotho,
080afe11-d963-31f7-8e8d-7bf2edd84f88,MAFURA,27.94075584411621,-30.34735107421875,Primary,LSO,Lesotho,
cb3de6fa-57a5-300d-867f-9f73bdadb530,MAGDALENA,28.19791984558105,-30.21335220336914,Primary,LSO,Lesotho,
3a5754a0-5e45-39f2-9042-40dbd4b33b3f,MAHALA PRIMARY,28.27838897705078,-28.87094497680664,Primary,LSO,Lesotho,
6257e311-08a3-3c7b-b737-d520e1dd93b4,MAHALA SECONDARY,28.299999237060547,-29.0,Secondary,LSO,Lesotho,
55def390-1be1-396d-940d-c9e82b80287c,MAHAO,28.50197982788086,-29.6907958984375,Primary,LSO,Lesotho,
706b9403-8ae6-3771-b2d9-c31271685e12,MAHLABATHENG,27.5,-29.399999618530277,Primary,LSO,Lesotho,
09734677-d420-34f3-a210-f7c3551761dd,MAHLABATHENG SECONDARY SCHOOL,27.600000381469727,-29.399999618530277,Secondary,LSO,Lesotho,
9fa6e8a2-939f-3276-84ec-f1eff49fa562,MAHLAKANENG,28.22123908996582,-30.164628982543945,Primary,LSO,Lesotho,
fc9b568a-65c8-39a2-82d3-2f9d5d3b0eb7,MAHLAKENG,27.299999237060547,-29.799999237060547,Primary,LSO,Lesotho,
d9c86e42-e70d-3e6c-8ff4-2e349f4bb689,MAHLASELI,27.5,-29.399999618530277,Primary,LSO,Lesotho,
56647a52-a1ec-35ed-a92f-6ddfe5ed074c,MAHLATSA,27.951622009277344,-29.18845558166504,Primary,LSO,Lesotho,
8d324065-84e8-3474-b92a-c7b308e2a249,MAHLATSA PRIMARY,27.99046897888184,-29.17637252807617,Primary,LSO,Lesotho,
e37f4c19-f2fc-3331-996e-9a09d9f259c5,MAHLEKEFANE LEC PRIMARY,28.299999237060547,-29.0,Primary,LSO,Lesotho,
5d648420-3fd9-3724-84ce-3512f08fc76f,MAHLOENYENG,27.54839134216309,-29.57597541809082,Primary,LSO,Lesotho,
30fd7d24-0840-36e3-835c-9788b1a4a2e0,MAHLOENYENG SECONDARY,27.5,-29.600000381469727,Secondary,LSO,Lesotho,
1a52e5a7-951b-3cca-9299-541eccab2624,MAHLOMOLA,28.137590408325195,-30.16179084777832,Primary,LSO,Lesotho,
54680f04-4dd0-353d-84bb-340f0f704d83,MAHOBONG,28.154016494750977,-28.93304252624512,Secondary,LSO,Lesotho,
8a32aa61-6392-3452-bdd0-aa6b02a9c769,MAHOBONG,27.899999618530277,-28.899999618530277,Primary,LSO,Lesotho,
28982c51-6b9f-3a52-a881-0c66fd6a3afe,MAHOLI,27.397085189819336,-29.71197891235352,Primary,LSO,Lesotho,
9aa72745-5620-3664-8ae1-6bdb7951c33e,MAHOLOKOANE,27.4630126953125,-29.78139877319336,Primary,LSO,Lesotho,
d346f02c-30c6-3836-b9ed-6e70d746fbaa,MAHUU AME,27.43520164489746,-29.522226333618164,Primary,LSO,Lesotho,
be541278-d3d3-3672-ae0b-fbbd058392d8,MAHUU L.E.C,27.421815872192383,-29.52176284790039,Primary,LSO,Lesotho,
ac609166-f5f2-341f-a9cb-3c0008093bfa,MAJAHENG PRIMARY,28.0,-29.100000381469727,Primary,LSO,Lesotho,
3ee058d5-d58e-31d1-8ccc-a97ec0b7fb22,MAJARA,27.981216430664062,-30.132858276367188,Primary,LSO,Lesotho,
a77c7337-4e53-3dde-92e3-78dcd86257ca,MAJOE-MATSO P. SCHOOL,28.089643478393555,-29.092609405517575,Primary,LSO,Lesotho,
cea16ec3-556b-37ea-9180-65a2d99af5ca,MAKAMA,27.830303192138672,-30.406524658203125,Primary,LSO,Lesotho,
0e24bd8a-19ef-3080-811a-7266e1c5290c,MAKANYANE,28.281843185424805,-30.090721130371094,Secondary,LSO,Lesotho,
ba7f14cd-ce7f-33b6-8c6a-9680320b360a,MAKANYANE,28.27364921569824,-30.090913772583008,Primary,LSO,Lesotho,
67a29ab8-6085-3467-b6ae-c2e1361dc9d4,MAKAOTA HIGH SCHOOL,27.291841506958008,-29.73070335388184,Secondary,LSO,Lesotho,
9916d62e-eaa4-367e-bd83-67fc0f0582eb,MAKAPE GOVERNMENT PRIMARY,28.0,-28.899999618530277,Primary,LSO,Lesotho,
101c14e7-c0fb-3ec5-8b8f-2c9170713797,MAKATIKELE PRIMARY SCHOOL,28.093435287475582,-30.226226806640625,Primary,LSO,Lesotho,
1c1eec7c-eb9f-3dee-ad8b-5bd7caae34a9,MAKATSENG,27.779129028320312,-30.377105712890625,Primary,LSO,Lesotho,
4513ca1f-8363-3605-903a-d3e7b901e7d0,MAKEBE SECONDARY SCOOL,28.049999237060547,-28.899999618530277,Secondary,LSO,Lesotho,
b0d42510-7089-3f26-942b-bb52ce5a9801,MAKENA,27.315244674682617,-29.822465896606445,Secondary,LSO,Lesotho,
089dc237-091b-314c-adfc-05cd9d87f46d,MAKENENG,27.53755760192871,-29.60495376586914,Primary,LSO,Lesotho,
d2e3aa1f-4107-36ce-a7e6-5600e985ed4f,MAKHABANE,27.77728271484375,-30.26425552368164,Primary,LSO,Lesotho,
96822bcb-c497-333f-a340-d56006bda03e,MAKHABANE,27.47425651550293,-30.246244430541992,Primary,LSO,Lesotho,
8cd70bee-f1d8-33e2-874e-f4040db4701c,MAKHAKETSA (ST. CORNELIUS),27.76028251647949,-29.005237579345703,Primary,LSO,Lesotho,
8b1295f2-b514-3750-804b-33d114e95d41,MAKHANGOA PRIMARY SCHOOL,28.229999542236328,-29.15999984741211,Primary,LSO,Lesotho,
7406782f-7589-3731-8065-011196c02f43,MAKHEKA,28.90550422668457,-29.619007110595703,Primary,LSO,Lesotho,
e950b8ac-aaac-3347-9e34-47768c76e431,MAKHETHENG,27.430206298828125,-30.1652946472168,Primary,LSO,Lesotho,
56d09ec4-cbf8-342a-b476-a1f5e1cb983e,MAKHETHENG,27.608478546142575,-29.825571060180664,Primary,LSO,Lesotho,
abd9c126-ec22-36a4-a37b-f9ee1edb3e9e,MAKHETHISA [MAHOBONG],28.162715911865234,-28.933015823364254,Secondary,LSO,Lesotho,
0bc7149f-88df-35c0-b441-d60c36d912f3,MAKHOA,28.126127243041992,-28.967994689941406,Secondary,LSO,Lesotho,
d801081f-efe2-3e85-a061-5f022b16bfdb,MAKHOA PRIMARY SCHOOL,28.13305282592773,-28.96769905090332,Primary,LSO,Lesotho,
ed9c04a9-6758-3c70-86af-ad167a3342a0,MAKHOATSING,28.76957130432129,-29.42652702331543,Primary,LSO,Lesotho,
82ff99d2-4e2f-3419-a3fb-1ffa32ffc44d,MAKHOBALO [MAKOKOANE],28.272911071777344,-28.85403251647949,Secondary,LSO,Lesotho,
2f0d6843-63aa-3f30-a4ca-d2c7b3f7df7d,MAKHOTSO,28.822738647460938,-29.69938087463379,Primary,LSO,Lesotho,
4b2f49c8-b7e3-30e9-b31b-2910069ac7a2,MAKHULENG,28.690658569335938,-29.38719749450684,Primary,LSO,Lesotho,
2e93b32a-cc01-32e3-994e-9b1fa70a1983,MAKINTANE,27.26034927368164,-29.63512420654297,Primary,LSO,Lesotho,
6104ef8d-a93d-3c6e-9404-b3c23075f1bc,MAKINTANE SEC SCHOOL,27.299999237060547,-29.600000381469727,Secondary,LSO,Lesotho,
fc85e5ae-0f1d-32ef-92a5-ae059eedf1d0,MAKOAE,28.015798568725582,-30.052959442138672,Primary,LSO,Lesotho,
56466aff-4ccf-3ef0-aea7-0e227d45ad1f,MAKOANENG AME,27.38331413269043,-29.446792602539062,Primary,LSO,Lesotho,
9b467b7b-17e8-3248-b962-d6e5a1079658,MAKOANENG RC,27.412925720214844,-29.441896438598636,Primary,LSO,Lesotho,
43e9854f-440e-358f-b366-3f18f7ff5b60,MAKOANYANE PRIMARY,27.610782623291016,-29.864681243896484,Primary,LSO,Lesotho,
923e0da8-fae1-317e-835b-d554fea8fa8d,MAKOETJE,27.605693817138672,-29.650325775146484,Primary,LSO,Lesotho,
beb9f6df-0460-3dd3-93c0-23a0a14d13cf,MAKOKO,28.837718963623047,-29.504884719848636,Primary,LSO,Lesotho,
dfbecb2f-2c3b-35ec-bdd9-dc8c41b09cf0,MAKOKOANE,28.26568603515625,-28.85390281677246,Primary,LSO,Lesotho,
a547c95f-fd98-3912-a163-c9cdf4eb08f2,MAKOLA GOVERNMENT SECONDARY SCHOOL,27.31999969482422,-29.56999969482422,Secondary,LSO,Lesotho,
5ea40b62-06b5-3623-8f1a-16346827b3b4,MAKUNYAPANE,28.74071884155273,-29.563671112060547,Primary,LSO,Lesotho,
58232ea4-4326-341b-bd8a-3449e0338244,MAKUNYAPANE,28.722644805908203,-29.57013511657715,Primary,LSO,Lesotho,
0ad460aa-e218-377b-8e8f-246d83fa387d,MALALENG,27.334856033325195,-29.6501579284668,Primary,LSO,Lesotho,
084335b3-cae0-31b5-9559-6d963428f807,MALAOANENG,28.21659278869629,-28.920604705810547,Primary,LSO,Lesotho,
f52fa11e-e846-3172-ad20-9d2e8b873e2b,MALEA-LEA,27.58807945251465,-29.825159072875977,Primary,LSO,Lesotho,
10b2b8f6-7209-3565-87e8-f9c4260f4154,MALEFANE GOVERNMENT PRIMARY,28.0,-28.899999618530277,Primary,LSO,Lesotho,
a0dcd27e-73a4-340e-bbd5-164efb1c2d51,MALERE COMMUNITY,27.581941604614254,-29.870330810546875,Primary,LSO,Lesotho,
9241bbe0-2884-389b-b0a9-864cbf726d1a,MALIBE,27.949024200439453,-30.2536563873291,Primary,LSO,Lesotho,
a605eff6-7e9a-3f16-802b-0942dcce4234,MALIELE,27.66871452331543,-29.42636489868164,Primary,LSO,Lesotho,
341bfeea-55f7-3211-a4f2-077a2f5356bd,MALIEPETSANE,27.5816593170166,-29.74412727355957,Secondary,LSO,Lesotho,
f20ecbe8-f94f-3579-809b-97b01f8b678a,MALIFATJANA,27.86640739440918,-30.167089462280277,Primary,LSO,Lesotho,
6613b02c-2f8c-318e-a9d8-1de3969ca060,MALIMONG,27.405780792236328,-29.661985397338867,Primary,LSO,Lesotho,
f4b69420-0f3c-3bd9-aad1-afda6ee32584,MALIMONG,27.899375915527344,-29.19355010986328,Primary,LSO,Lesotho,
5536f346-ee78-35ed-a405-9c0718053f35,MALINGOANENG,28.775672912597656,-29.317380905151367,Primary,LSO,Lesotho,
ee9dc566-8459-3a37-85a6-0f300b95772b,MALITHUSO SECONDARY SCHOOL,28.03438949584961,-29.173717498779297,Secondary,LSO,Lesotho,
f26bc3ce-d318-37b6-a412-a80280d9ac23,MALUBA-LUBE,28.885744094848636,-29.346454620361328,Secondary,LSO,Lesotho,
1dd7e58e-a1ed-3494-b28e-499646bfa4b1,MALUBA-LUBE,28.888669967651367,-29.344985961914062,Primary,LSO,Lesotho,
62af1201-33a8-3aee-a7da-5b69803749ea,MALUMENG,27.446460723876957,-29.84367561340332,Primary,LSO,Lesotho,
f3d7e829-e2ea-3797-af22-f1912c1058f7,MAMAEBANA PRIMARY,27.600000381469727,-29.76000022888184,Primary,LSO,Lesotho,
7b2f8f9c-d3f8-3aaa-8e15-70f08774e121,MAMATEBELE,28.100000381469727,-29.07999992370605,Primary,LSO,Lesotho,
e1569477-e6d0-3d74-8177-2807236e72bc,MAMELLO,28.225196838378903,-29.03036880493164,Primary,LSO,Lesotho,
0e49c333-b9d8-3c10-b572-ed69a66b8a9d,MAMOHOLI,27.76102828979492,-29.75753593444824,Primary,LSO,Lesotho,
e272c83c-dbb2-35ca-ae87-507a5d8c445f,MAMPILETSO PRIMARY,28.180952072143555,-30.123306274414062,Primary,LSO,Lesotho,
06f47886-3fc7-3d01-a3a0-3762261cef13,MAMPILETSO PRIMARY,27.194833755493164,-29.75164222717285,Primary,LSO,Lesotho,
77e6464c-79a5-3375-b91d-4dddef034b44,MANGANENG,27.77760124206543,-29.045379638671875,Primary,LSO,Lesotho,
7a556ef4-99ee-3e86-856a-398794c9756c,MANGAUNG PRIMARY,27.83538055419922,-30.02695083618164,Primary,LSO,Lesotho,
9abe447d-ed2e-3189-92a1-09d8c7676c76,MANGAUNG SECONDARY SCHOOL,27.799999237060547,-30.100000381469727,Secondary,LSO,Lesotho,
2d236079-397b-30c6-ab8a-e9ed315484c4,MANKATA PRIMARY,28.141895294189453,-30.05942726135254,Primary,LSO,Lesotho,
81f86061-7440-31d9-9d94-9e1ff15ee82b,MANONYANE HIGH SCHOOL,27.700092315673828,-29.46720123291016,Secondary,LSO,Lesotho,
93c30f9b-0ce4-330b-94e2-1f4a1a8f3730,MANTOETSE HIGH SCHOOL,28.033540725708008,-29.123367309570312,Secondary,LSO,Lesotho,
fc5e7ca2-9811-3bcd-9c47-5ae791c6268e,MANTOETSI,27.902244567871094,-29.154170989990234,Primary,LSO,Lesotho,
7e3825a2-3d4d-300d-9185-8a482a816e1f,MANTSOEPA PRIMARY,27.91786766052246,-30.262466430664062,Primary,LSO,Lesotho,
a9773c74-910b-3c40-bf56-4c3da24b493a,MAPETLA,27.53498077392578,-29.3883113861084,Primary,LSO,Lesotho,
5ed0fe8e-e25e-39bc-82ba-fffc4dd6018a,MAPETLA SECONDARY,27.5,-29.399999618530277,Secondary,LSO,Lesotho,
ffd550ba-2f2b-3b15-bce0-1d834b1bd170,MAPHEELLE,27.973709106445312,-30.23566055297852,Primary,LSO,Lesotho,
3786960a-65af-3d9c-8851-7b4806219bdd,MAPHELENG PRIMARY,28.071401596069336,-29.1860408782959,Primary,LSO,Lesotho,
14f44de1-578f-3e33-9954-bad9083a670c,MAPHOTONG,27.700000762939453,-29.5,Primary,LSO,Lesotho,
b6bc4351-3bfc-3757-97a0-cad20a1b9698,MAPONYANA,27.84337615966797,-30.0881290435791,Primary,LSO,Lesotho,
4c51f62c-f3d9-3e4e-8ae8-62b4b0c93730,MAPOTENG,27.976511001586918,-29.114809036254883,Primary,LSO,Lesotho,
49e5631e-9271-3a73-b391-c5b4b3e94304,MAPOTENG HIGH SCHOOL,28.0,-29.100000381469727,Secondary,LSO,Lesotho,
f2d3b3c2-1102-3991-b174-f14bbf3b620e,MAPOTU LEC,27.22454643249512,-29.64208602905273,Primary,LSO,Lesotho,
42c3a86d-5795-383d-8911-e2a79229fc32,MAPUTSOE ACL,27.909637451171875,-28.884754180908203,Primary,LSO,Lesotho,
65c65da3-2d98-3f2b-9abf-a1249747ea8e,MAPUTSOE  GOV,27.91519546508789,-28.894577026367188,Primary,LSO,Lesotho,
5b70f970-0508-3277-bc70-5d1867e81551,MAPUTSOE Gov PRIMARY,28.804502487182617,-29.55804443359375,Primary,LSO,Lesotho,
afc28c7e-a19e-3892-a222-3bfbe0e0bdcd,MAQASANE SECONDARY,27.600000381469727,-29.799999237060547,Secondary,LSO,Lesotho,
ef831161-3306-3112-9eb0-98ecf2bee027,MAQHOANE,27.95279693603516,-29.21151161193848,Primary,LSO,Lesotho,
e30304fd-8ef0-34c9-a414-9ea9d52fcfd2,MAQOKHO L.E.C,27.94451713562012,-30.147859573364254,Primary,LSO,Lesotho,
1da19441-4953-3374-b92e-7bb75377e039,MARIA GORETTI PRIMARY SCHOOL,28.17061996459961,-28.803789138793945,Primary,LSO,Lesotho,
ab0f022e-c67b-3c8f-8593-c87367fa329e,MARUMO,28.668460845947266,-29.40322494506836,Primary,LSO,Lesotho,
e88d1b57-7eac-3ad8-a61c-07bcefef60da,MARYLAND,28.10672950744629,-28.79412269592285,Primary,LSO,Lesotho,
79ce3db4-ec64-321b-a30e-b4b4e8607cea,MARYLAND VOC.,27.799999237060547,-29.100000381469727,Secondary,LSO,Lesotho,
3733b8e9-449c-3245-aa31-b6656c500a71,MASAKOANE,28.814233779907227,-29.743675231933597,Primary,LSO,Lesotho,
b5430981-fe78-3df5-a909-06af4c53fb94,MASERIBANE HIGH SCHOOL,27.873159408569336,-30.26812744140625,Secondary,LSO,Lesotho,
b8a9ca93-29c3-38d3-941c-e631573353fb,MASHAI PRIMARY,28.812633514404297,-29.65522766113281,Primary,LSO,Lesotho,
3e66d1f4-2d83-3198-b636-6c6db360174c,MASHAPHA PRIMARY SCHOOL,27.94471740722656,-30.110952377319336,Primary,LSO,Lesotho,
1f3b3b37-c391-3c5d-ad06-0188abf0abda,MASIA,27.97632598876953,-30.43402671813965,Primary,LSO,Lesotho,
eadd729a-d844-3cfd-bc48-47e2dec3f7cb,MASIANOKENG,27.554004669189453,-29.39397430419922,Secondary,LSO,Lesotho,
ffc3b239-6150-3990-a7dd-be3737657fd9,MASIANOKENG,27.57981300354004,-29.393993377685547,Primary,LSO,Lesotho,
f4fac15d-3011-3fc2-b998-b745173e4ab4,MASITE ACL,27.459081649780277,-29.57410430908203,Primary,LSO,Lesotho,
7f7c16cb-3c08-3e88-8b4a-cf8b7cee6bec,MASITE NEK,27.494327545166016,-29.58467674255371,Primary,LSO,Lesotho,
dbd8db2d-9ca5-3c32-bef6-70fd081bc2c0,MASIU,28.082199096679688,-30.31570053100586,Primary,LSO,Lesotho,
7628254c-3260-3f08-99bc-1c2b7193f0b1,MASOELING,27.90179252624512,-29.143983840942383,Primary,LSO,Lesotho,
89eb0851-9513-33fa-bac7-d17f2858c07c,MASOWE,27.5,-29.399999618530277,Secondary,LSO,Lesotho,
43bad7d4-8aee-3637-b619-31fd80305d70,MASSABIELLE,27.56552124023437,-29.503501892089844,Secondary,LSO,Lesotho,
556f8df6-d529-3c68-b6b5-c3c2f54f27d1,MASSABIELLE,27.57572364807129,-29.528608322143555,Primary,LSO,Lesotho,
de68c192-fb42-32fd-8aa9-b5387cb7cb04,MATE,27.799999237060547,-29.0,Secondary,LSO,Lesotho,
891d748e-eadf-3cb9-9443-2f8557d4eb5b,MATE,28.21195411682129,-28.862916946411133,Primary,LSO,Lesotho,
2db7266a-55e4-310f-89d1-a5f461a48b38,MATELILE,27.50411605834961,-29.81178092956543,Primary,LSO,Lesotho,
eea20c7d-e19d-32df-bd89-792e2341c465,MATHEBE,27.38485717773437,-29.757551193237305,Primary,LSO,Lesotho,
ed976af8-a9d9-3718-9fa5-38705f5b2aec,MATHEBE SECONDARY SCH.,27.392784118652344,-29.739465713500977,Secondary,LSO,Lesotho,
3d95e462-5b0f-3681-aca0-133ca6c9f581,MATHOKOANE ACL,28.055177688598636,-28.944669723510746,Primary,LSO,Lesotho,
4098c32e-87a3-335f-a087-956c5760da12,MATHOKOANE L.E.C.,28.061260223388672,-28.958105087280277,Primary,LSO,Lesotho,
57de9d1c-6af6-35ef-ba57-311432b5d3f4,MATHULA HIGH SCHOOL,27.50083923339844,-29.812480926513672,Secondary,LSO,Lesotho,
149020a8-0b45-36dc-9157-a17bf4db906c,MATIKOE,27.528404235839844,-29.48692321777344,Secondary,LSO,Lesotho,
ec6803e5-abb7-37cc-b89e-a3ac97580e16,MATJOTA,28.921056747436523,-29.462909698486328,Primary,LSO,Lesotho,
640f9c60-7d98-3e9c-b256-16c0d385c3a8,MATLAKENG SECONDARY,28.200000762939453,-28.799999237060547,Secondary,LSO,Lesotho,
4771b0c2-4e72-3749-aa8b-bfa25f3b43ae,MATLALI PRIMARY,28.07756805419922,-30.12017250061035,Primary,LSO,Lesotho,
0acac596-2fd8-38ec-95b2-89552c776d41,MATLAMENG PRIMARY SCHOOL,28.0,-28.899999618530277,Primary,LSO,Lesotho,
e491f077-d31a-35c6-afe7-02959e7af98a,MATLAPANENG,27.24776268005371,-29.730043411254883,Primary,LSO,Lesotho,
05ef813f-61da-32f5-a7b1-f2ac2dc9efc1,MATSA,27.534942626953125,-29.811277389526367,Primary,LSO,Lesotho,
cd7a885f-2eb8-3582-adb8-98fc8354e195,MATS'ABA PRIMARY,27.35367202758789,-29.83687973022461,Primary,LSO,Lesotho,
e2fee967-f578-34b2-935c-8313135c7c0e,MATSIRING,28.05533790588379,-30.236949920654297,Primary,LSO,Lesotho,
fb81b05f-1874-3d91-a1b6-63d8e9e47db6,MATSOAING PRIMARY,29.082984924316406,-29.39314842224121,Primary,LSO,Lesotho,
5746c202-9a84-3b6f-8fc7-294832ed7c8b,MATSOAING PRIMARY,28.200000762939453,-28.799999237060547,Primary,LSO,Lesotho,
8524b1a1-625f-3c43-9a90-ceb39887d87c,MATSOAING PRIMRY SCHOOLS,28.17182159423828,-28.810340881347656,Primary,LSO,Lesotho,
3a53ea1d-9add-31dd-a599-02f6ffba3a86,MATS'OELE,28.209999084472656,-29.1299991607666,Primary,LSO,Lesotho,
1c88c9bf-070b-3ede-82b4-4a38638f1863,MATUBE,28.2492618560791,-28.820695877075195,Primary,LSO,Lesotho,
dda66d0f-74c4-3501-926d-2487505461b4,MATUKENG,27.47199440002441,-29.419246673583984,Primary,LSO,Lesotho,
62693fb1-798e-3278-8242-b617a1f00f94,MAUTENG L.E.C,27.559614181518555,-29.5407772064209,Primary,LSO,Lesotho,
1586760d-ce63-3af4-8b44-31a948e7d599,MEJAMETALANA PRIMARY,27.5,-29.399999618530277,Primary,LSO,Lesotho,
5e0439ff-640b-3a8e-847c-d6279947dc19,MEKEKENG,27.559579849243164,-29.74619674682617,Primary,LSO,Lesotho,
21369d2b-d7e3-3da3-bedc-f48f8aa1caab,MENKHOANENG PRIMARY,28.239540100097656,-28.89783096313477,Primary,LSO,Lesotho,
23e14617-ec70-3df1-9d86-d7fb3aea71e9,MENYAMENG,28.138790130615234,-29.081485748291016,Primary,LSO,Lesotho,
6e00c4bf-2b70-3e7c-b978-4431ee1e91f2,MESHAKA,27.67804908752441,-29.466732025146484,Primary,LSO,Lesotho,
5edaaada-13e3-343f-a302-7efa6de48681,METLAEENG,27.51954841613769,-29.67054748535156,Primary,LSO,Lesotho,
5ac78977-9875-3807-8eac-96f2bb62aa77,METOLOANENG,28.191259384155277,-30.184724807739254,Primary,LSO,Lesotho,
eee7152f-348d-39cd-a59a-c3cfaaa883af,MEXICAN HIGH SCHOOL,27.923540115356445,-28.900781631469727,Secondary,LSO,Lesotho,
559dc152-54f6-3ac3-9d74-8c2e09723739,MOEKETSANE PRIMARY,28.877222061157227,-29.42760467529297,Primary,LSO,Lesotho,
41c3f81c-9029-3aa0-ad9b-8dd5bd3ef8ae,MOFONESOA,28.19400405883789,-28.899322509765625,Primary,LSO,Lesotho,
fa350438-b330-300c-85f5-35778ac043fb,MOFUMAHALI OA FATIMA PRIMARY,27.32524681091309,-29.573789596557617,Primary,LSO,Lesotho,
7492ac85-3a7e-3b0c-84f9-39060cd1409a,MOFUTHO,28.40999984741211,-29.59000015258789,Primary,LSO,Lesotho,
d9e6719b-e4fb-3bfb-ab40-8277e4651151,MOHAPI GOVERNMENT,28.099021911621094,-28.839008331298828,Primary,LSO,Lesotho,
8198fa4b-ddfe-3487-9e37-549590bf4e21,MOHASOA,27.515869140625,-29.46895408630371,Primary,LSO,Lesotho,
52139899-3fa1-3b19-80b0-74f922b3640f,MOHATLANE,27.837276458740234,-29.2010440826416,Primary,LSO,Lesotho,
5d4e8471-c7db-3967-ab3c-fcbc38f0a5fe,MOHLAFOTHENG ACL,27.766151428222656,-29.061668395996094,Primary,LSO,Lesotho,
7f57ba80-45f6-3c7a-8f88-648ac28214a3,MOHLAKENG,28.600000381469727,-29.5,Primary,LSO,Lesotho,
eb643ed1-776d-329c-96a0-65277a45898f,MOHLAKOANA PRIMARY,27.934972763061523,-30.1843318939209,Primary,LSO,Lesotho,
0e939296-4446-3bfc-bf60-551f9e73bbc5,MOHLALEFI ACL PRIMARY,27.31573867797852,-29.589933395385746,Primary,LSO,Lesotho,
03b68808-ab45-3ffb-896a-38811c0f19f7,MOHLANAPENG,28.669612884521484,-29.59306526184082,Primary,LSO,Lesotho,
6b11cb85-f090-3d22-ac1c-54617b838a6f,MOHLANAPENG,28.673503875732425,-29.5892391204834,Secondary,LSO,Lesotho,
8488b86f-3254-32f1-bbb2-4035c66de5a5,MOHLOKAQALA,27.716045379638672,-29.013187408447266,Primary,LSO,Lesotho,
33e58786-2f56-3d12-9e3c-17c7c4274e0d,MOHLORI GOVERNMENT SECONDARY SCHOOL,28.020000457763672,-30.190000534057617,Secondary,LSO,Lesotho,
99fce8fd-4300-326e-8c7c-ee93ed239311,MOHOKARE,27.429168701171875,-29.405000686645508,Primary,LSO,Lesotho,
e2c2a5a5-e532-3bb7-84e7-90cb5886600a,MOJAPELA,28.036359786987305,-28.9694881439209,Primary,LSO,Lesotho,
dfbd2e4a-2713-369e-81b9-242a68d8d07f,MOKATI PRIMARY SCHOOL,27.906850814819336,-28.964738845825195,Primary,LSO,Lesotho,
74cb6dc5-a791-30ef-90f2-bb1a573ace89,MOKEMA PRIMARY,27.65299415588379,-29.475357055664062,Primary,LSO,Lesotho,
6aff6f6a-be2e-31d3-92ad-252e0a1eedf0,MOKHACHANE ACL PRIMARY SCHOOL,28.1986026763916,-29.051729202270508,Primary,LSO,Lesotho,
16ef5d60-eada-36b0-8c74-6f70f4de6b53,MOKHACHANE ACL PRIMARY SCHOOL,28.198110580444336,-29.06509017944336,Primary,LSO,Lesotho,
3af959a5-e513-3cc1-a1ad-de6792253084,MOKHASI,27.2180233001709,-29.587316513061523,Primary,LSO,Lesotho,
bb44ceb3-d048-3cda-9d11-ba31eb22cc78,MOKHEHLE,27.80234718322754,-29.110992431640625,Primary,LSO,Lesotho,
d1f062fd-0511-3006-ac6f-e8eaa9a3499a,MOKHOKHONG,27.700000762939453,-29.5,Primary,LSO,Lesotho,
6d5a8ea7-aeb8-3045-8059-5075460e8578,MOKOMAHATSI,27.98877716064453,-29.01020622253418,Primary,LSO,Lesotho,
d3903c8d-74f2-3099-9cfb-916fd85cc8dc,MOKOTJOMELA,27.877763748168945,-30.2755184173584,Primary,LSO,Lesotho,
c8744137-7212-3778-9c2a-2f0fb82ba62b,MOKOTO,28.71687126159668,-29.6981143951416,Primary,LSO,Lesotho,
d53c3d2e-638e-35c7-adc7-132675ecc2c0,MOKUNUTLUNG PRIMARY PRIMARY SCHOOL,27.81452751159668,-28.982271194458008,Primary,LSO,Lesotho,
bd76f294-fe73-33c0-ba54-5064fb4c822d,MOLAPO [HLOTSE L.E.C],28.060869216918945,-28.86338424682617,Secondary,LSO,Lesotho,
b4f14dcb-bf1e-3451-8713-15c8fe14765a,MOLATJENG A.C.L.,28.072738647460938,-29.922569274902344,Primary,LSO,Lesotho,
055bf6b2-25fe-3cff-b631-a0880d15f4d4,MOLELLE SECONDARY,28.100000381469727,-28.899999618530277,Secondary,LSO,Lesotho,
6a945308-63e9-35b1-bf9d-eeb88b0c8824,MOLIBETSANE,28.13955307006836,-28.89616203308105,Primary,LSO,Lesotho,
7202e694-521e-3d6c-9fe3-7db78cf8c294,MOLIPA,27.73468589782715,-29.036623001098636,Primary,LSO,Lesotho,
7279e822-7f9b-3a61-9d7a-3b000f50a04f,MOLUNGOA,27.46371841430664,-29.61906623840332,Primary,LSO,Lesotho,
b7f60253-a325-3133-8591-c9a4f3fd1516,MONYAKE (2002),27.61586570739746,-29.73261070251465,Primary,LSO,Lesotho,
3efcba00-885d-3ede-b4b9-9d689e05f962,MONYAKOANE PRIMARY,27.623764038085938,-29.425451278686523,Primary,LSO,Lesotho,
62582aee-0354-3d22-8d75-302efc6e10cb,MONYOOE ACL,27.763690948486328,-29.50430679321289,Primary,LSO,Lesotho,
5f2a9961-5b87-39a0-bdf5-9915446c9d25,MOPELI,28.06791877746582,-30.18764305114746,Primary,LSO,Lesotho,
bd3d666e-5c16-39bf-a96d-461501956cf6,MOPELI,28.06722450256348,-30.19038772583008,Secondary,LSO,Lesotho,
0dd90dd7-40c3-3f3a-852c-b2d97436a40c,MORATE ENGLISH MEDIUM SCHOOL,27.74400520324707,-29.067758560180664,Secondary,LSO,Lesotho,
516c4a4e-70a0-3169-bea7-0b991ce47fae,MORIJA,27.506181716918945,-29.628786087036133,Primary,LSO,Lesotho,
bfa4a504-f626-3830-aed6-fa9d108a894d,MORIJA ENG.MEDIUM,27.508358001708984,-29.62572288513184,Primary,LSO,Lesotho,
873bf651-0b9a-3b96-9944-7581cd322cce,MORIJA GIRLS',27.510189056396484,-29.62746238708496,Secondary,LSO,Lesotho,
35c94809-2825-33e3-adc2-adc6c8fe47b9,MORUMOTS'O,27.948650360107425,-30.03230857849121,Primary,LSO,Lesotho,
8dc69dc5-8bf8-3a4f-83fe-58eb101dd908,MORUTHOANE SECONDARY SCHOOL,27.511463165283203,-29.55648803710937,Secondary,LSO,Lesotho,
605e3ed5-46ad-3bb3-8306-f38edc79eb96,MOSAMO PRIMARY SCHOOL,27.8930778503418,-28.99174690246582,Primary,LSO,Lesotho,
fcdeb324-f241-3ef5-a82e-bc0974183709,MOSELINYANE,27.919404983520508,-28.902687072753903,Primary,LSO,Lesotho,
bdd005b2-432d-319c-8575-0cf7ade20bdf,MOSENEKE,27.62151527404785,-30.120555877685547,Primary,LSO,Lesotho,
425cfa5f-41f7-37a1-af96-b7b1041ec4dd,MOSENEKE,27.873048782348636,-30.35210227966309,Primary,LSO,Lesotho,
d9c0860b-2687-32fb-94a4-f9911ee2d0bd,MOSETOA GONT PRIMARY,28.614540100097656,-29.43124771118164,Primary,LSO,Lesotho,
0aa1950f-91d3-3146-babd-1f32ad563f74,MOSHOESHOE II,27.4974308013916,-29.29961585998535,Primary,LSO,Lesotho,
a41a69af-95f7-3878-bc13-58d51b385e59,MOSHOESHOE II,27.56610679626465,-29.60685157775879,Secondary,LSO,Lesotho,
d0dd98cc-4f1f-351a-ba81-42bc058ee0f2,MOSITI,28.076295852661133,-28.96515274047852,Secondary,LSO,Lesotho,
1f715524-561e-3352-9807-63bd36af885c,MOSITI (OUR LADY OF LOURDES),28.08677291870117,-28.95315742492676,Primary,LSO,Lesotho,
f92a29ea-7fa3-3569-b757-dbcd3311ad1e,MOSOANG,27.585906982421875,-29.65338706970215,Primary,LSO,Lesotho,
55451030-9a52-3434-928f-5cfaa201d924,MOSOTHO,27.27857208251953,-29.613828659057617,Primary,LSO,Lesotho,
b1615c5d-8b40-357e-9505-7ed831d64364,MOTAMOLANE,27.600000381469727,-29.799999237060547,Primary,LSO,Lesotho,
1df44e38-cec5-3b78-ad26-21fbe8d87fe8,MOTANYANE,27.72332191467285,-29.732378005981445,Primary,LSO,Lesotho,
d4086380-522b-39d5-b285-57b5f4e12eb8,MOTANYANE,27.19642639160156,-29.815298080444336,Primary,LSO,Lesotho,
187b7d9d-8d9a-3be4-bae7-38bc0175312e,MOTATI,28.11079406738281,-28.92098045349121,Primary,LSO,Lesotho,
24368d70-8232-361f-87ce-50a57130efd4,MOTHEBESOANE PRIMARY,27.799999237060547,-29.1299991607666,Primary,LSO,Lesotho,
3509b84d-2680-3a63-a4f1-059b0c7cb736,MOTLATSI,28.100000381469727,-29.0,Primary,LSO,Lesotho,
bdfaa75c-b744-3cf0-bd03-0425edc411c7,MOTLEPU (ST. MARTIN DE PORES),27.695932388305664,-29.55146026611328,Primary,LSO,Lesotho,
734ea130-e941-35ad-8d95-bf118bee0f27,MOTLOANG PRIMARY SCHOOL,28.38999938964844,-29.57999992370605,Primary,LSO,Lesotho,
026c93e6-72ff-3648-aef8-5b789f137f91,MOTSEKUOA,27.43231964111328,-29.700878143310547,Secondary,LSO,Lesotho,
2d64ec08-e764-35d0-ba07-f1052dde81a7,MOTSEKUOA,28.36508560180664,-29.93166732788086,Primary,LSO,Lesotho,
9fb4a33c-30be-3115-ae5d-a6bc357114e6,MOTSEKUOA,28.89431381225586,-29.397785186767575,Primary,LSO,Lesotho,
26fb0360-79bd-3ad5-8db5-7254fa2e78fb,MOTSEKUOA (CHRIST THE PRIEST),27.430763244628903,-29.69911193847656,Primary,LSO,Lesotho,
90aafbe4-5458-3490-8370-b181afa57c3c,MOUNT OLIVET PRIMARY,27.400733947753903,-29.87697982788086,Primary,LSO,Lesotho,
d87cbd59-36a8-32bb-b937-b93898c438a1,MOUNT ROYAL,28.056564331054688,-28.87049674987793,Primary,LSO,Lesotho,
fcce0d3d-bb4d-3257-a813-64b3522db7d1,MOUNT ROYAL,28.055347442626957,-28.86927795410156,Secondary,LSO,Lesotho,
538c02f5-ee4b-3746-89a4-11eb0fd07a13,MPAPA,27.947240829467773,-30.386608123779297,Primary,LSO,Lesotho,
9208e13e-2956-3826-a330-21195a4dafee,MPAPA SECONDARY SCHOOL,27.899999618530277,-30.399999618530277,Secondary,LSO,Lesotho,
93259f52-ef6b-3b50-a965-3e7f4731c163,MPARA,27.825878143310547,-29.160629272460938,Primary,LSO,Lesotho,
6e12abf4-066a-3962-9f05-0c0f95afd691,MPEAKO PRIMARY SCHOOL,28.200000762939453,-29.100000381469727,Primary,LSO,Lesotho,
12536b4f-0b7d-3230-ab98-db38bac9773a,MPELA,28.71436882019043,-29.487049102783203,Primary,LSO,Lesotho,
6bb57940-ed57-302a-b725-bc2a2cc1d8a3,MPHAKI,28.154972076416016,-30.193452835083008,Secondary,LSO,Lesotho,
054f05ec-9dae-3820-a8b6-4397ffcbd64e,MPHAKI PRIMARY,28.165456771850582,-30.195167541503903,Primary,LSO,Lesotho,
00fe2475-d1fc-341a-9735-1b7c80e50edd,MPHARANE,27.937969207763672,-28.9339599609375,Primary,LSO,Lesotho,
3ed0cf20-953e-3f95-8345-00e797093c0c,MPHELEBEKO PRIMARY,28.8379020690918,-29.440128326416016,Primary,LSO,Lesotho,
a53d7365-f204-3e11-bc32-b128fb5080bb,MPHOSONG,28.31455421447754,-29.04616928100586,Primary,LSO,Lesotho,
8c141662-5c54-3721-8ac9-a0a6c8b81863,MPOKOCHELA PRIMARY SCHOOL,28.729999542236328,-29.479999542236328,Primary,LSO,Lesotho,
e000f5dc-0ebf-39d6-bb9a-0e3748b8c825,MPOPO,28.05263328552246,-28.938325881958008,Secondary,LSO,Lesotho,
8c09705c-8709-3f82-931a-f1a33cb33bbf,MUELA,27.97634696960449,-28.955514907836918,Primary,LSO,Lesotho,
5babac14-afca-3e0f-bcd5-ba80f5b948de,NALELI COMMUNITY SCHOOL,28.21877861022949,-28.836788177490234,Primary,LSO,Lesotho,
4473ca10-c4cb-3e65-bd97-e97e63be092f,NGOATONYANE,27.56968116760254,-29.43302345275879,Primary,LSO,Lesotho,
c3adee1d-40d7-3e60-82b8-30ef9bc675e4,NGOPE-TS'OEU PRIMARY SCHOOL,27.771879196166992,-29.548301696777344,Primary,LSO,Lesotho,
d91176c7-5cce-3e55-b20d-ef621b2e9001,NKHAULISE,28.763219833374023,-29.39105033874512,Primary,LSO,Lesotho,
254b8525-63fa-3b34-9a35-8a8f3eef215d,NKING,27.928691864013672,-30.20852851867676,Primary,LSO,Lesotho,
b36226a6-72c6-33e4-bbe4-e2fd95b0d4ef,NKOENG,27.694536209106445,-29.545381546020508,Primary,LSO,Lesotho,
65898872-d511-375c-bf6f-8d7b82414ac9,NKOENG PRIMARY SCHOOL,28.21215057373047,-28.789514541625977,Primary,LSO,Lesotho,
9bfac243-9ec6-3117-bc0d-3b29826a2934,NKOKANA,28.5,-29.399999618530277,Primary,LSO,Lesotho,
f85458d2-989a-3068-96a9-b40277a9ddc3,NKOLA,28.257966995239254,-28.99142074584961,Primary,LSO,Lesotho,
5da9db4d-a74c-3f11-bd26-508533220b92,NKUEBE,27.806053161621094,-30.306974411010746,Primary,LSO,Lesotho,
dd7ff8ce-79ae-31b9-adb3-606bb1891b61,NOHANA,27.85892868041992,-30.044607162475582,Primary,LSO,Lesotho,
a5f62146-9fff-3dab-90db-bff6432b197b,NOHANA SECONDARY SCHOOL,27.86000061035156,-30.040000915527344,Secondary,LSO,Lesotho,
9c6da864-6600-32f7-80dc-9fa3b7e2f6ca,NOKONG,28.05167007446289,-29.092809677124023,Primary,LSO,Lesotho,
f0739900-7f04-3469-8a30-70a85e4fc8b9,NQECHANE,28.15365600585937,-28.768497467041016,Primary,LSO,Lesotho,
1d93560d-618a-361e-bee9-19ea80dbc3f9,NQECHANE PRIMARY SCHOOL,28.14490127563477,-28.75274085998535,Primary,LSO,Lesotho,
af7a269c-f759-3dcf-bbcc-d82626ce870b,NQECHANE SECONDARY,28.15373420715332,-28.766462326049805,Secondary,LSO,Lesotho,
307aa1a6-daea-3b47-9e18-0716fd14d707,NQECHQANE COMMUNITY,28.15650749206543,-28.749134063720703,Primary,LSO,Lesotho,
717587b3-c398-37ed-ab06-6647053eafad,NTAOTE HIGH SCHOOL,28.600000381469727,-29.5,Secondary,LSO,Lesotho,
1b08b7a8-e8cf-3644-975d-cdb591dc95d8,NTHAMAHA GOVERNMENT,27.89518165588379,-30.00396728515625,Primary,LSO,Lesotho,
58e7230c-15cf-3fe4-ac07-b01bcfee0292,NTHLAKENG HIGH SCHOOL,27.267358779907227,-29.766277313232425,Secondary,LSO,Lesotho,
49304073-971a-38e6-ae5d-249e7e9a740b,NTJA,28.027294158935547,-30.025997161865234,Primary,LSO,Lesotho,
87ce952a-eb1e-3695-bfaa-1ae4e71c5731,NTJABANE PRIMARY,27.799999237060547,-29.100000381469727,Primary,LSO,Lesotho,
d5d149ce-0ec3-3ff2-abe0-b6a0eb7b62b8,NTJA-BOKONE,28.813310623168945,-29.315034866333008,Primary,LSO,Lesotho,
7f1ecfa3-9851-39ce-9f68-d4d68a995e05,NTS'UPE,27.799999237060547,-29.700000762939453,Primary,LSO,Lesotho,
7e47427f-f698-363d-8514-940bbb2f75a9,NTS'UPE RC,27.46999931335449,-29.440000534057617,Primary,LSO,Lesotho,
3e315a9d-5a63-36d6-9ea6-f7a49341c255,NUL INTERNATIONAL,27.700000762939453,-29.5,Secondary,LSO,Lesotho,
20d72b94-0f51-305f-8ba7-8cb0e75efd7f,NYAI,28.64263343811035,-29.494903564453125,Primary,LSO,Lesotho,
d46dd642-871e-3792-904d-f8d8099c34d4,NYOKOSOBA PRIMARY,27.778987884521484,-29.519371032714844,Primary,LSO,Lesotho,
ed3148a7-5481-31a4-9b1d-e8eef42d5d27,O.B. COLLINS,27.45379066467285,-29.54911422729492,Primary,LSO,Lesotho,
70f200bb-afe9-3485-a4ad-83a5a5e8a4e2,PABALLONG,28.149999618530277,-30.100000381469727,Primary,LSO,Lesotho,
df8fd1a3-8776-346f-9c60-6a35438abb17,PARAY,28.608720779418945,-29.510543823242188,Secondary,LSO,Lesotho,
ba5b7375-a151-30ac-b512-02bbba241ead,PARAY PRIMARY,28.612049102783203,-29.509660720825195,Primary,LSO,Lesotho,
fb6f240f-937e-3422-8e7a-fe121b81db23,PATISENG (2002),28.51000022888184,-29.479999542236328,Primary,LSO,Lesotho,
a2e0dbe5-2578-366a-b97f-efb5f2472253,PEKA ENG.MEDIUM,27.784704208374023,-28.96165657043457,Primary,LSO,Lesotho,
12667104-43c3-3b7d-890e-a2b435ca9ae2,PEKA HIGH SCHOOL,27.734468460083008,-28.956270217895508,Secondary,LSO,Lesotho,
1781bb05-d2ec-3b0c-ac07-98cfdcb0c394,PEKA L.E.C PRIMARY SCHOOL,27.752025604248047,-28.96578788757324,Primary,LSO,Lesotho,
1d078ca9-92f2-3530-9166-1ccd63ebd225,PELA-TS'OEU ENGLISH MEDIUM,28.299999237060547,-28.899999618530277,Primary,LSO,Lesotho,
612179e2-6206-3fa8-a7d8-6fdfedd74c4f,PELELE,28.01896476745605,-28.967247009277344,Primary,LSO,Lesotho,
d0182e86-97dc-3649-b59a-fb583dad8667,PHAATJANA PRIMARY,28.7359561920166,-29.62076759338379,Primary,LSO,Lesotho,
25b35e3f-bf1a-3747-9921-dd7b5251ac6e,PHAHAMENG,28.017210006713867,-30.29129981994629,Primary,LSO,Lesotho,
d94bd11b-eef2-3412-94d2-a5485687eaff,PHAHAMENG COMMUNITY SECONDARY SCHOOL,28.01000022888184,-30.170000076293945,Secondary,LSO,Lesotho,
29d4b198-fa0b-3d13-8162-6a818f3e084d,PHAHAMENG LRC,27.293331146240234,-29.780969619750977,Primary,LSO,Lesotho,
63142f50-3731-3fa8-b1bf-4309da5b5c51,PHAKOE,27.36670684814453,-29.64022254943848,Primary,LSO,Lesotho,
f988619d-6e6c-35ee-906c-f9f6e6506360,PHAMONG PRIMARY,27.799999237060547,-30.239999771118164,Primary,LSO,Lesotho,
3bf3ef60-ecfd-336c-b485-a3be5d586851,PHARAHLAHLE,28.675025939941406,-29.69557380676269,Primary,LSO,Lesotho,
d2f778d3-37c3-3c8b-a995-1d9ec3aec5c6,PHIRING,27.758533477783203,-30.204500198364254,Primary,LSO,Lesotho,
ac6da041-a54b-3a15-9f2a-a76123f75183,PHOCHA,27.707963943481445,-29.85378837585449,Primary,LSO,Lesotho,
c56f7be8-ed80-34b4-b77d-0a07b8b5e46c,PHOOFOLO ACL (ST. BONIFACE),27.824487686157227,-29.061391830444336,Primary,LSO,Lesotho,
d84a68fc-df8e-3023-9504-18303f2e097a,PHOQOANE,27.715721130371094,-29.66239547729492,Primary,LSO,Lesotho,
4cf5799f-18fc-3e6e-9171-46dabfea4668,PHOQOANE (2002),27.28256607055664,-29.70011138916016,Primary,LSO,Lesotho,
33b98a72-6c15-3e66-bbe2-7776768c0b8c,PHORORONG PRIMARY,28.140300750732425,-29.11504173278809,Primary,LSO,Lesotho,
c203ec3d-a324-382e-a043-8362b98c672f,PHOTHA-PHOTHA PRIMARY SCHOOL,27.88204765319824,-30.39306640625,Primary,LSO,Lesotho,
c0062c2f-36db-3519-898b-7c53100febdc,PHUTHIATSANA,27.5,-29.399999618530277,Primary,LSO,Lesotho,
57e5deb9-e9c1-30d2-8e2b-f1214b83c25f,PHUTHIATSANA,27.5,-29.399999618530277,Secondary,LSO,Lesotho,
27e66c24-468c-3686-9846-fbf9622448a3,PITA,27.5,-29.5,Primary,LSO,Lesotho,
4ab40252-ad36-3298-86a1-72ebfc76ed7e,PITI,27.767000198364254,-30.290607452392575,Primary,LSO,Lesotho,
c4af08cd-1133-3338-858b-f7f62825eafd,PITSENG,28.213781356811523,-28.968338012695312,Secondary,LSO,Lesotho,
8e2cb84e-0ebd-3609-b5fc-5dcd86b04f85,PITSENG,28.866310119628903,-29.53996467590332,Primary,LSO,Lesotho,
7c23d606-4acf-3bcd-8894-d39feadb5b91,PITSENG PRIMARY SCHOOL,28.21453666687012,-29.011945724487305,Primary,LSO,Lesotho,
6cc5114a-9802-3dc8-83a5-a8d0e17e26da,POBENG PRIMARY,27.869672775268555,-29.01567268371582,Primary,LSO,Lesotho,
c3cfff4b-ab62-34c6-a29d-54e8bffaa3c1,POKANE,27.748708724975582,-30.32785987854004,Secondary,LSO,Lesotho,
f697058a-f45b-35fb-a6da-99e410ada592,POKANE L.E.C,27.746639251708984,-30.33373641967773,Primary,LSO,Lesotho,
20c015af-537a-30d3-a4c7-fbc22c9806cd,PONE PRIMARY,28.040000915527344,-29.25,Primary,LSO,Lesotho,
218da353-7150-3089-a2b2-0a9f4dc54124,PONTMAIN R.C.,28.214794158935547,-28.966976165771484,Primary,LSO,Lesotho,
213fa754-0b9e-3e24-a0c9-9121e554860e,PONTS'ENG,27.810771942138672,-30.32427024841309,Primary,LSO,Lesotho,
b2bee21c-d55a-347a-a18d-4bfee634eff3,PONTS'ENG PRIMARY,28.26792907714844,-29.029512405395508,Primary,LSO,Lesotho,
80f23dc7-f16c-3625-9962-965962c16c32,POPA,28.23238945007324,-29.686006546020508,Primary,LSO,Lesotho,
f8f567d3-5e6d-324a-ac3d-58c6ceea4b3c,POPA,27.6978702545166,-29.46764373779297,Primary,LSO,Lesotho,
707375fe-f982-3de6-8972-ba9d6f3d3c90,POPANYANE (ST.PATRICK'S),27.743467330932617,-29.524585723876957,Primary,LSO,Lesotho,
ab79a497-42fa-33db-880d-c7771497130d,POTOMANE,27.72882080078125,-30.27964210510254,Primary,LSO,Lesotho,
93ba6446-991b-3931-8b00-244af51e4fee,POTSANE PRIMARY SCHOOL,28.30024719238281,-28.975238800048828,Primary,LSO,Lesotho,
a16d200b-c4bf-3956-a72a-a536f92a5b70,PULANE METHODIST,28.080904006958008,-30.280149459838867,Primary,LSO,Lesotho,
bf1eb73f-a827-3b0e-9e17-8f8e15394fca,PULANE SECONDARY,27.899999618530277,-29.200000762939453,Secondary,LSO,Lesotho,
72c37d17-8da8-3da7-8ba6-5932a6c9a0c2,QAQATU,27.769439697265625,-30.16684913635254,Primary,LSO,Lesotho,
df433da5-0f4c-3bb3-8440-40ef407fb736,QEME,27.47937774658203,-29.488006591796875,Primary,LSO,Lesotho,
6a23a25d-1ff8-3fab-bafa-b0bbb08d087e,QHOALI L.E.C,28.077402114868164,-30.11992073059082,Primary,LSO,Lesotho,
ea9c434e-e48c-342c-94ea-13b601cf3ecb,QHOALING,28.280820846557617,-30.21641731262207,Primary,LSO,Lesotho,
3f0ab50e-13a5-3cb3-82a9-67364b904081,QHOALINYANE PRIMARY,28.27371025085449,-30.109399795532227,Primary,LSO,Lesotho,
974faa37-4df8-3ab0-ab18-6d609a6d5098,QHOASING PRIMARY,27.780479431152344,-30.108068466186523,Primary,LSO,Lesotho,
3e78c959-c8ba-373c-89e6-69d2aec21d29,QHOMANE,27.589298248291016,-29.503313064575195,Secondary,LSO,Lesotho,
7df43998-b0a1-3c5c-8719-5417d9a6276e,QHOMANE,27.59225082397461,-29.508028030395508,Primary,LSO,Lesotho,
8f467913-f476-39e6-baff-729846463927,QHOOBENG L.E.C,27.87138557434082,-29.956666946411133,Primary,LSO,Lesotho,
02308fb4-7d40-3036-a9e1-4a5117fdde5b,QHOQHOANE,27.364582061767575,-29.888816833496094,Primary,LSO,Lesotho,
14e7ecd4-f4b7-373b-aee2-97a6d8e846b5,QILOANE,27.677654266357425,-29.802993774414062,Primary,LSO,Lesotho,
c288ae37-02bf-3995-af2a-d4840bf9724b,QOBACHA,28.44387435913086,-29.7112979888916,Primary,LSO,Lesotho,
5d08311d-d25c-37d4-8b44-e7b9cd462585,QOBETE,27.28998565673828,-29.825660705566406,Primary,LSO,Lesotho,
b1cc5031-6445-3429-8529-7db3249de22b,QOBONG L.E.C.,27.730932235717773,-30.072114944458008,Primary,LSO,Lesotho,
e59539aa-13b5-39c7-afdc-f3a5a988cbd2,QOQOLOSING,28.1573486328125,-28.88505172729492,Primary,LSO,Lesotho,
4dfe25b6-b01a-3634-9808-f8dc435ea094,QOQOLOSING,28.17123413085937,-28.867576599121094,Secondary,LSO,Lesotho,
69ee3a8a-52e9-3b05-92e6-c5aa50c553f5,QOTIANE,27.85733413696289,-30.10331153869629,Primary,LSO,Lesotho,
7afd4b19-9006-34b3-9435-2f547f420f02,QUTHING,28.058841705322266,-30.27740478515625,Primary,LSO,Lesotho,
a83e89d7-447b-3022-afa3-fc4194064605,QUTHING L.E.C SEC,28.040000915527344,-30.170000076293945,Secondary,LSO,Lesotho,
a95f77f9-d119-3862-9637-1cd6a7f45a04,RABELENG,27.266876220703125,-29.659822463989254,Primary,LSO,Lesotho,
3aae0abb-b6b4-37a9-8d5c-e9f0ac7e1917,RABELENG RC PRIMARY,27.26416778564453,-29.6517276763916,Primary,LSO,Lesotho,
db96e31d-ff3d-319c-92d6-5778d7b36a21,RALEHLATSA,27.79286766052246,-29.01041984558105,Primary,LSO,Lesotho,
95f4cfca-0680-3d71-8c44-da5aa802c166,RALEHLATSA SECONDARY SCHOOL,27.799999237060547,-29.0,Secondary,LSO,Lesotho,
930d0821-d2f0-3e2b-b7af-3ba95837e161,RALIEMERE,27.326181411743164,-29.77906608581543,Primary,LSO,Lesotho,
719660bf-fc21-3686-acd4-f6a28822c600,RAMAH SECONDARY,28.200000762939453,-28.799999237060547,Secondary,LSO,Lesotho,
f8992019-3ca4-3010-9e64-0a86a6cb816e,RAMAKORO,28.032644271850582,-29.144460678100582,Primary,LSO,Lesotho,
7e7d255d-aedb-3b1f-bbdc-437dd0c1408a,RAMAOMANE,28.69638442993164,-29.73890495300293,Primary,LSO,Lesotho,
19aa9ae3-ec4f-363e-82a4-26899e8edfb8,RAMAPEPE,28.156494140625,-28.98513412475586,Primary,LSO,Lesotho,
06ce9571-20ed-334b-affc-3f6fbad87b76,RAMAPHIRI,27.41600227355957,-29.606698989868164,Primary,LSO,Lesotho,
be2c84fb-7520-390b-81ab-7b744fd5dec3,RAMAQHANYANE PRIMARY SCHOOL,27.600000381469727,-29.399999618530277,Primary,LSO,Lesotho,
0af756f6-6b5c-3fb8-80ec-6e57d7ee7fb3,Ramaqhanyane secondary school,27.600000381469727,-29.399999618530277,Secondary,LSO,Lesotho,
9e1daf49-a51c-3376-a9eb-616e015d313e,RAMATEKANE,27.434663772583008,-29.628494262695312,Primary,LSO,Lesotho,
17d5c414-641b-389a-8655-af5af23031cf,RAMATSELISO,28.751073837280277,-29.77296638488769,Primary,LSO,Lesotho,
6739ace7-6357-3633-bd88-949ddaee04e1,RAMOKHELE,27.434335708618164,-29.7431755065918,Primary,LSO,Lesotho,
12346f46-3f68-36e7-9eb6-1ccae595245b,RAMOKOATSI PRIMARY SCHHOOI,27.347230911254883,-29.74689292907715,Primary,LSO,Lesotho,
413995ac-a2e9-3714-852b-536f2f4924eb,RAMOKOTJO,27.585006713867188,-29.47400665283203,Primary,LSO,Lesotho,
3ded5911-b70e-3e34-a4d5-06dddfaeffb6,RAMOLIEHI PRIMARY,28.700000762939453,-29.700000762939453,Primary,LSO,Lesotho,
7735fac4-f574-3076-ae99-d185d3b1e095,RAMORAKANE,27.45103073120117,-29.397050857543945,Primary,LSO,Lesotho,
9ba78983-c2e6-396e-a36b-f82f7453df67,RAMOSOEU,27.529197692871094,-29.90460205078125,Primary,LSO,Lesotho,
763302af-ff2a-364a-b250-89328f48ae60,RAMOSOOTHOANE,27.984619140625,-29.93589782714844,Primary,LSO,Lesotho,
602cea8e-e723-30cf-8f4d-6ac472023a77,RAMPEO PRIMARY SCHOOL,28.272869110107425,-30.19613647460937,Primary,LSO,Lesotho,
ff4421c9-2332-392f-8a70-c988eb35fb46,RANKHELEPE,27.428386688232425,-29.46221351623535,Secondary,LSO,Lesotho,
f2c9b484-238f-3ed1-a2f2-c68f56b92c19,RANKHELEPE PRIMARY,27.399999618530277,-29.5,Primary,LSO,Lesotho,
c492d659-6bdb-3fa6-8cee-d2c05003751a,RANNAKOE,27.49839401245117,-29.75827407836914,Primary,LSO,Lesotho,
485095ae-1e86-37bb-ac73-6006adf706d1,RANTHOTO,28.596664428710938,-29.317710876464844,Primary,LSO,Lesotho,
956176fe-7cd0-3115-89f9-b7a13cd7fd01,RANTJANYANA,27.90769386291504,-29.96223258972168,Primary,LSO,Lesotho,
8eddb069-286b-3e26-b3e3-4766810cac3d,RANTOLO MOHALE SEC.,27.600000381469727,-29.899999618530277,Secondary,LSO,Lesotho,
b22da3ff-25a0-36b1-b3ac-44d764a32037,RAPHOKA PRIMARY SCHOOL,28.21628761291504,-28.973796844482425,Primary,LSO,Lesotho,
ebdd4002-669f-36c8-b9ee-2cf4b3952bfb,RATSOEU,27.299999237060547,-29.600000381469727,Secondary,LSO,Lesotho,
0588a893-34d9-342b-9cc9-810ea7a2207f,RAT'SOEU PRIMARY,27.350757598876957,-29.55595970153809,Primary,LSO,Lesotho,
da20a1db-c1f7-3e80-9b21-bee5795347d9,REISI,27.41210174560547,-29.63224220275879,Primary,LSO,Lesotho,
9d7aa86f-03d6-30e3-aa30-10451aa25ef1,Renekeng Secondary,28.200000762939453,-28.899999618530277,Secondary,LSO,Lesotho,
c42970f1-d3d5-32a8-b849-e9767c866bc8,RIBANENG HIGH SCHOOL,27.67656898498535,-29.862987518310547,Secondary,LSO,Lesotho,
58e2bee7-1f3c-3f84-8e27-121b94a31f5e,RIBANENG LEC,27.65757369995117,-29.8449821472168,Primary,LSO,Lesotho,
4ee59583-c383-3cea-bd0e-54cef4e3b4ff,ROMA,27.72614860534668,-29.461240768432617,Primary,LSO,Lesotho,
29054718-7e5c-38e7-b0e4-bf4ff9aea45b,RORISANG GOVERNMENT PRIMARY,28.059999465942383,-29.059999465942383,Primary,LSO,Lesotho,
8be5754c-4e0a-3450-9fc9-021754d89320,ROSEMANE ACL,28.87093734741211,-29.483516693115234,Primary,LSO,Lesotho,
31212fa6-d8a5-3dd6-a8f5-eb7e08e4e40a,ROSEMANE RC,28.872743606567383,-29.483766555786133,Primary,LSO,Lesotho,
7e0d69d8-3912-366a-835b-ea428d5c8f4c,ROTHE,27.46762084960937,-29.5314998626709,Primary,LSO,Lesotho,
8cb776be-17fa-3f91-a8dc-46ba33463f56,ROULIN HIGH SCHOOL,27.399808883666992,-29.877742767333984,Secondary,LSO,Lesotho,
a07ee40d-79ae-38dc-8e88-2283e5d6324d,SACRED HEART,27.954748153686523,-28.900583267211918,Secondary,LSO,Lesotho,
b1cd062c-7d74-367e-b436-9f38299d671e,SAKHELE,27.785205841064453,-30.215553283691406,Primary,LSO,Lesotho,
d80f3c91-35dd-3d1f-8962-f590d770b1e4,SAMARIA PRIMARY,27.292070388793945,-29.73382568359375,Primary,LSO,Lesotho,
d64e0a29-82be-3b13-bc79-a6aa82d0dd8a,SEA-LE-METSE,28.80392265319824,-29.566673278808597,Primary,LSO,Lesotho,
87206b0a-a593-33e0-ac96-9f302cf241a5,SEALUMA,27.718345642089844,-30.171775817871094,Primary,LSO,Lesotho,
2c0a1db7-91fc-36fd-8e16-bdc59b1904b7,SEBAPALA,27.864709854125977,-30.30010032653809,Secondary,LSO,Lesotho,
659d57b2-2e91-3eaf-b495-e37652dd2409,SEBAPALA PRIMARY SCHOOL,27.86630249023437,-30.30547523498535,Primary,LSO,Lesotho,
59d8401b-0a55-381f-88fe-d937aa0232da,SEBEDIA,28.08711051940918,-29.12591552734375,Primary,LSO,Lesotho,
60039f34-0ef5-3591-a8f7-1903013d9b55,SEBELEKOANE,27.643932342529297,-29.807392120361328,Primary,LSO,Lesotho,
e18a3516-e927-3821-b8b6-4ed94c69fbd5,SEBELEKOANE,27.65321159362793,-29.79893493652344,Secondary,LSO,Lesotho,
e128c4f7-65bb-3119-8699-314b8c286be0,SEBILI PRIMARY,27.7779598236084,-30.06212615966797,Primary,LSO,Lesotho,
6ed07e0b-bc80-3392-8108-9e9de09a0a62,SEBOTHOANE DRC PRIMARY SCHOOL,28.06698036193848,-28.84794235229492,Primary,LSO,Lesotho,
4901085a-8e8f-3127-82f3-05bd87921643,SEBUBENG PRIMARY SCHOOL,28.130767822265625,-30.275428771972656,Primary,LSO,Lesotho,
55d87dc7-ab25-3eea-8202-2385ccb0b0b0,SECHABA HIGH SCHOOL,27.7400016784668,-29.05383682250977,Secondary,LSO,Lesotho,
fcd8bfa5-9cb7-3688-81d5-f917eac9e0d8,SEETSA,28.268070220947266,-28.923696517944336,Primary,LSO,Lesotho,
d5815861-9c8f-3b4d-86c3-913e995810c0,SEETSA MOLALA-PERE RCM,27.8585205078125,-29.04342269897461,Primary,LSO,Lesotho,
e75c87c9-35ad-3ffe-8948-a0c87cf0461f,SEFAHA GOVERNMENT PRIMARY,28.530000686645508,-29.46999931335449,Primary,LSO,Lesotho,
c28ddf97-68bb-3518-a75a-127efd89c134,SEFAPANONG,28.63021469116211,-29.57514953613281,Primary,LSO,Lesotho,
9af41701-59cb-3dc5-b289-9f7d9a27010e,SEFAPANONG,28.33634757995605,-28.980913162231445,Primary,LSO,Lesotho,
2b3dd98d-f139-3367-8077-d89e15a4864b,SEFATENG PRIMARY,28.06075859069824,-29.989032745361328,Primary,LSO,Lesotho,
e61ac880-dcf1-3c31-9ae6-8fa4a32bf456,SEFORONG,28.25064468383789,-30.05188751220703,Primary,LSO,Lesotho,
4673e4a2-9dbf-399d-8a00-93ae01d42bdc,SEHAULA,28.679237365722656,-29.665489196777344,Primary,LSO,Lesotho,
1d531175-113e-3779-ae70-99a8ed9cf714,SEHLABENG,28.171825408935547,-28.868865966796875,Primary,LSO,Lesotho,
3ea2f67f-07bb-3031-9721-e800a6efff8a,SEHONGHONG,28.778865814208984,-29.707788467407227,Primary,LSO,Lesotho,
0105a933-1ad3-3639-b695-f7a7c367f568,SEHONG-HONG HIGH SCHOOL,28.78506088256836,-29.71748733520508,Secondary,LSO,Lesotho,
71af7759-38d6-371d-bd60-edb0ea4938e9,SEKABATHO,27.44833755493164,-29.722532272338867,Primary,LSO,Lesotho,
f509c4dd-aaeb-3f16-a4db-59edb30e7fff,SEKAMENG,27.24638938903809,-29.5679931640625,Primary,LSO,Lesotho,
a366981e-8d6e-32f0-8063-292bde401dd2,SEKAMENG ACL,27.260053634643555,-29.587968826293945,Primary,LSO,Lesotho,
ea028724-6e73-3bd7-b2ba-393a3c4f73d6,SEKAMENG HIGH SCHOOL,27.2562313079834,-29.586042404174805,Secondary,LSO,Lesotho,
61078d5b-b7c9-32ac-84d4-f3aa213f03a5,SEKETE,27.62689018249512,-29.41173553466797,Primary,LSO,Lesotho,
14ef0ee3-4eb0-3c1d-8ac4-730c5a91bd17,SEKHALABATENG,28.28532218933105,-30.122533798217773,Primary,LSO,Lesotho,
d48347c8-f755-30bd-a25d-edb4f8e4a142,SEKHAUPANE RC,27.538450241088867,-29.85342025756836,Primary,LSO,Lesotho,
896c4255-0fdb-3faa-82fa-ea5809f53859,SEKHOHOLA PRIMARY,28.56170463562012,-29.37519836425781,Primary,LSO,Lesotho,
4c974a8c-268f-3f85-9d37-9503e486a072,SEKHONYANA,27.87095069885254,-30.27104377746582,Primary,LSO,Lesotho,
8576661b-48c9-369d-a69d-0e33e6bb1aa4,SEKHONYANA,28.30022621154785,-28.96278953552246,Primary,LSO,Lesotho,
7f0d6e07-4770-3343-9048-81fdb6cc59de,SEKOKOANENG L.E.C.,27.984113693237305,-30.213069915771484,Primary,LSO,Lesotho,
f8c13abd-5ae8-3aef-a65f-51fc7af2e014,SELIANE,27.711669921875,-30.2725887298584,Primary,LSO,Lesotho,
1fea758c-5545-391d-b6f2-8e4656b93599,SELOMONG,27.936256408691406,-30.407075881958008,Primary,LSO,Lesotho,
9ad78ef9-1794-39fb-b7c6-7acf764fef32,SEMENANYANA,28.6920223236084,-29.297334671020508,Primary,LSO,Lesotho,
c85a0424-d62b-3833-9cdb-252c2c074d7b,SEMENA PRIMARY SCHOOL,28.58858871459961,-29.415082931518555,Primary,LSO,Lesotho,
b4d70844-f249-3dc6-a541-d451d994b151,SEMONKONG,28.059724807739254,-29.969623565673828,Primary,LSO,Lesotho,
8509ab83-cd0e-3715-87c4-322ddbc6b424,SEMONKONG,28.04545021057129,-29.829500198364254,Secondary,LSO,Lesotho,
b764abc4-ee15-30bf-81e0-398166709ee0,SEMPE,27.81919288635254,-30.31076431274414,Primary,LSO,Lesotho,
38e49fbd-43e9-31eb-972b-11e1bdcdee8c,SENEKANE,28.845394134521484,-29.35635757446289,Primary,LSO,Lesotho,
1b2b77e8-0adc-3f23-b393-54c69a1de77a,SENEKANE,27.73946762084961,-29.254045486450195,Primary,LSO,Lesotho,
4edda5d5-e14e-3f06-b73b-6472cd484ce3,SENYOKOTHO,28.28388023376465,-29.03862762451172,Primary,LSO,Lesotho,
49cc8863-4105-3392-98be-ac3e2387c05f,SENYOKOTHO,28.283159255981445,-29.03699493408203,Secondary,LSO,Lesotho,
ddf622ed-579f-3d53-b6e0-f91463e73b59,SEPHOKONG,28.625600814819336,-29.31650733947754,Primary,LSO,Lesotho,
a86c7b83-2482-3ec6-8a92-4caecb15ae0a,SEROOENG,27.758907318115234,-29.58986473083496,Primary,LSO,Lesotho,
47227745-88bc-3f4c-b567-bd655047e25d,SETALA,28.06414604187012,-29.589582443237305,Primary,LSO,Lesotho,
8a98b830-3ebb-3460-9c14-4c277ffe7de2,SETALA,28.80512809753418,-29.677749633789062,Primary,LSO,Lesotho,
8183587c-ba61-3228-8d74-c470aea6f303,SETLEKETSENG,27.68516159057617,-29.63562774658203,Primary,LSO,Lesotho,
836c2b93-6794-306e-9e42-0df1b3fcf12d,SHALANE,27.727861404418945,-30.25967025756836,Primary,LSO,Lesotho,
ee97eee1-fc7a-3bb3-b979-fa062f1c5043,SIBI-SIBI,28.112085342407227,-29.955568313598636,Primary,LSO,Lesotho,
984ba296-43c1-3072-83f6-79fe076143f2,SION,27.96994972229004,-29.115148544311523,Primary,LSO,Lesotho,
9d57bf45-d79a-3ceb-ba0e-9a359d6e384b,SOAI,28.61306571960449,-29.37946510314941,Primary,LSO,Lesotho,
c0d010f6-fdb1-3f29-9b6c-000ff0ee4084,SOLOMON,28.924617767333984,-29.553285598754883,Primary,LSO,Lesotho,
bbb1e190-8620-388c-9f71-3ffeff03ffa1,SOMOLOLO PRIMARY SCHOOL,28.16379737854004,-28.951736450195312,Primary,LSO,Lesotho,
022d255b-d770-31e2-a025-6d6b62720e79,ST AMBROSE,27.55278778076172,-29.451335906982425,Primary,LSO,Lesotho,
09e873a2-3832-39ac-9af2-3aa1aef7289f,ST. ANN,27.86014175415039,-28.981704711914062,Primary,LSO,Lesotho,
eee0d099-fae7-34cd-84be-2c85c5a6daa4,ST ANN SEC. SCH HA MOKHOR,27.8591423034668,-28.98106002807617,Secondary,LSO,Lesotho,
4b1dc26d-4258-3294-a1a8-285022f97686,ST. ANTHONY PRIMARY,27.76370048522949,-29.62716484069824,Primary,LSO,Lesotho,
916118f5-1649-33e2-ba80-a7361ca7be8b,ST BARNABAS,27.46225929260254,-29.56535530090332,Secondary,LSO,Lesotho,
57036f9f-da81-3a8b-a192-9bc08cf97ee3,ST. BERNADIUS,27.67699241638184,-29.61177635192871,Primary,LSO,Lesotho,
d3b24974-0bbd-392e-b3dc-c8c3e2a16513,ST. BERNARD PRIMARY SCHOOL,28.09977149963379,-28.89170265197754,Primary,LSO,Lesotho,
35ba5f95-fa19-362c-b388-2a8055aca6e0,ST BONIFACE HIGH SCHOOL,27.898601531982425,-28.88615608215332,Secondary,LSO,Lesotho,
dddfd381-08e9-3be4-a7f7-a7d364686a8e,ST. DAVID,27.81806945800781,-29.09734916687012,Primary,LSO,Lesotho,
c11af3c3-8f9e-3e8a-9ee3-7a8de03c4828,ST DAVID [MAMPOTA] VOCAT.,27.816761016845703,-29.095436096191406,Secondary,LSO,Lesotho,
b8bd6dd8-511d-344b-9ca1-5516d0ea553a,ST. DENIS,28.296649932861328,-28.87874984741211,Primary,LSO,Lesotho,
d1bcd2db-12b7-3cad-b390-c729276d1816,ST. GABRIEL SECONDARY SCHOOL,27.844934463500977,-30.354759216308597,Secondary,LSO,Lesotho,
42dfbe7d-7a91-3069-ba0e-f7c47896416c,ST. GABRIEL'S PRIMARY,27.84403610229492,-30.357681274414062,Primary,LSO,Lesotho,
54a729b1-bb21-3cf4-b206-da05f4640135,ST. HYCINTHA (RIBANENG),27.67990493774414,-29.86517333984375,Primary,LSO,Lesotho,
3b98f8f7-6314-3727-8203-f852fc3423d7,ST. JOHN'S TLALI,27.718936920166016,-29.58761215209961,Primary,LSO,Lesotho,
77cf2b6b-34d3-336a-8f66-76939ad0c01d,ST JOHN TLALI,27.700000762939453,-29.600000381469727,Secondary,LSO,Lesotho,
bb8aa902-8175-3614-aed1-748dc4d98ac6,ST.JOSEPH KORO-KORO,27.640361785888672,-29.493349075317383,Secondary,LSO,Lesotho,
0804d077-423e-3aa0-a83a-4b273b72f120,ST.JOSEPH'S KK,27.620481491088867,-29.46581077575684,Primary,LSO,Lesotho,
a7badeea-f15f-31d9-b8b2-50fddf71c537,ST LAURENCE HIGH SCHOOL,27.88427352905273,-29.180280685424805,Secondary,LSO,Lesotho,
dde766a1-b7f5-3840-861b-a7d340fc4d81,ST. LOUIS PRIMARY SCHOOL,28.70728874206543,-29.411340713500977,Primary,LSO,Lesotho,
16f7034b-16a3-37db-bebc-57a92b07a41f,ST. LUCIA,28.530771255493164,-29.376354217529297,Primary,LSO,Lesotho,
935550bf-2882-3b4b-9024-6d74c3d3c40c,ST. LUKE'S PRIMARY SCHOOOL,27.896190643310547,-28.8845157623291,Primary,LSO,Lesotho,
78d25a86-78aa-3f82-9a3f-172bee1dfcbf,ST.MARGARET,28.0,-28.899999618530277,Secondary,LSO,Lesotho,
365cbfed-73e1-3767-9cd0-0005d4950304,ST. MARGARET,28.125812530517575,-28.85445022583008,Primary,LSO,Lesotho,
385372b6-fdee-3946-823a-ac933d6d9298,ST MARTIN'S,28.76565933227539,-29.29018783569336,Secondary,LSO,Lesotho,
ab73ff93-a862-315b-b25c-9420cba162d2,ST. MARTIN'S,28.75030899047852,-29.28047561645508,Primary,LSO,Lesotho,
c88e3b88-6988-3bd9-be99-22357f716b08,ST MARY'S,27.72821807861328,-29.464269638061523,Secondary,LSO,Lesotho,
deaefb51-a279-3458-983b-392213542d3a,ST MATHEWS [MALEALEA],27.586822509765625,-29.826068878173828,Secondary,LSO,Lesotho,
05844ec5-2456-35de-b2c2-2e914f8fd470,ST.MATTHEWS ACL,27.56179428100586,-29.612499237060547,Primary,LSO,Lesotho,
5a8adfeb-6091-396b-ad25-705517ee8dde,ST. MATTHIAS,27.765300750732425,-28.96478080749512,Primary,LSO,Lesotho,
563f8891-9dd4-3c8e-8a0d-a2f50d90c550,ST. MICHAEL'S,29.077674865722656,-29.286455154418945,Primary,LSO,Lesotho,
43700fb5-dab7-3b55-805b-96b6add402e8,ST. MICHAEL'S,28.179784774780277,-28.98690223693848,Primary,LSO,Lesotho,
9daf0525-e228-34c9-9313-53ae44eb4b39,ST MICHAEL'S [MPHARANE],27.942550659179688,-28.934043884277344,Secondary,LSO,Lesotho,
259f317f-8095-3a4e-8d79-190f6932d762,ST.MONICA,27.95767593383789,-28.899303436279297,Primary,LSO,Lesotho,
fe6dd404-be5f-3dd9-9003-ff629fd9bc02,ST. PETER CLAVER,27.385942459106445,-29.566904067993164,Primary,LSO,Lesotho,
c4032a94-c87c-319e-9a6b-192ab32b428f,ST. PETER PAUL PRIMARY SCHOOL,28.02139663696289,-28.909082412719727,Primary,LSO,Lesotho,
c6aba677-9cb2-384e-aeff-d6849893cd27,ST PHILLIPS [MOTSOANE],28.22385025024414,-28.821552276611328,Secondary,LSO,Lesotho,
36baf61f-1232-369f-b0ca-4b983acf6a8f,ST.PHILLIPS [MOTS'OANE],28.22339630126953,-28.82310104370117,Primary,LSO,Lesotho,
44a3bfaa-8869-330b-b949-410d0bda0d04,ST RODRIGUE,27.682403564453125,-29.67751121520996,Secondary,LSO,Lesotho,
1ebc704e-c3c8-390e-aa80-0e0bf27797ea,ST. RODRIQUE,27.685279846191406,-29.677669525146484,Primary,LSO,Lesotho,
ada3d400-f988-3c2b-b042-053ff3988917,ST.ROSE,27.78827667236328,-28.96692657470703,Secondary,LSO,Lesotho,
cb4c0cd8-bad4-30c2-a097-3df8dfaed7c6,ST. ROSE PRIMARY SCHOOL,27.78490257263184,-28.969337463378903,Primary,LSO,Lesotho,
8b0ccc32-c688-3ce9-93fb-7af14fe27865,ST SAVIOURS,28.056167602539062,-28.88137626647949,Secondary,LSO,Lesotho,
95894334-2eb8-3915-9fd6-96560ecafc43,ST. SAVIOUR'S,28.06703758239746,-28.87437438964844,Primary,LSO,Lesotho,
57893171-d19c-3c5f-bceb-5132d32c11e5,ST THERESA,28.799999237060547,-29.600000381469727,Secondary,LSO,Lesotho,
123309a3-e74b-3e9b-b14b-16254055268a,ST. THERESA,28.00414085388184,-29.02695083618164,Primary,LSO,Lesotho,
0545f6d8-80c6-33ee-a19d-6a7e27e67073,ST. THERESA,27.51000022888184,-29.3799991607666,Primary,LSO,Lesotho,
5b6f4dca-e601-3643-a1e3-845a09403359,ST.THERESA OF CHRIST JESUS (2002),28.795944213867188,-29.615062713623047,Primary,LSO,Lesotho,
08f1c197-6cf8-3753-a767-245a674190ef,ST THOMAS HIGH SCHOOL,27.548219680786133,-29.756010055541992,Secondary,LSO,Lesotho,
d4eb0c5d-3292-310d-acd6-c3e647a505bd,SUBENG,28.0,-28.899999618530277,Primary,LSO,Lesotho,
99982b04-c838-3a1b-ba4a-ba0fa4388c95,TAELE,27.591920852661133,-29.62122917175293,Primary,LSO,Lesotho,
967fcf39-9537-331d-bd75-1c2466115ddd,TAJANE,27.54007339477539,-29.73441505432129,Primary,LSO,Lesotho,
39fa5062-eb9d-3a2d-890e-fdec425ad26f,TAJANE SECONDARY SCHOOL,27.5,-29.700000762939453,Secondary,LSO,Lesotho,
1e846bb3-29d2-317b-9ad0-120f73dd4da0,TAKALATSA COMMUNITY,28.51125144958496,-29.697566986083984,Primary,LSO,Lesotho,
d64c55f4-9002-33bc-9f9a-c3cf6cdde8d8,TALENT SMART PRIMARY,27.73900985717773,-29.034330368041992,Primary,LSO,Lesotho,
75f42f59-0de8-3742-8a9e-7c812f22d1c9,TANG,27.214380264282227,-29.666717529296875,Primary,LSO,Lesotho,
f8609fe0-91d4-32d5-90e5-d22d05c7a269,TANKA,27.369897842407227,-29.7071533203125,Primary,LSO,Lesotho,
11d4a193-fe4e-3261-aa4f-fd26480e4a8a,TAUNG RC,28.786212921142575,-29.3452262878418,Primary,LSO,Lesotho,
66dc5c22-614b-31c8-a4d5-d0485bffd906,TELLE PRIMARY,27.906871795654297,-30.015493392944336,Primary,LSO,Lesotho,
a0942f01-bfeb-326e-b4c4-85fc24b490c4,THAABE,27.483413696289062,-29.456344604492188,Primary,LSO,Lesotho,
1e59780a-5934-38d4-8def-dbb4fe9f23b1,THABA-CHITJA PRIMARY SCHOOL,28.16839408874512,-30.08436584472656,Primary,LSO,Lesotho,
10f7e1ac-9c57-3f99-870f-f7c454e3ef0c,THABA-KHUBELU,28.670734405517575,-29.45565795898437,Primary,LSO,Lesotho,
7ed46624-b676-31ab-8865-bbc1bfdb1c42,THABA-LESOBA PRIMARY SCHOOL,28.081117630004883,-29.013507843017575,Primary,LSO,Lesotho,
dceb3624-e884-34e9-b2a8-ea3b23ab5e24,THABANENG,27.299999237060547,-29.799999237060547,Primary,LSO,Lesotho,
c6c8631e-bd99-356d-aac0-b5bfb8cbba91,THABA-NTS'O R.C.,28.045886993408203,-30.494356155395508,Primary,LSO,Lesotho,
7a8e3768-72fd-3984-8190-72a4ccfe6d1a,THABA-NTS'O R.C.,28.156652450561523,-29.969444274902344,Primary,LSO,Lesotho,
f9310d04-72e4-3aac-874f-c6752d1e785e,THABA-PHATS'OA,27.975004196166992,-29.23965072631836,Primary,LSO,Lesotho,
43eb4799-3e77-3b45-adbc-0acd1805bb82,THABA-PHATS'OA,28.12886047363281,-29.01251983642578,Primary,LSO,Lesotho,
5a6dd423-8cc1-3dd2-bf30-abc32394867c,THABA-PHATS'OA L.E.C,28.136131286621094,-28.99123191833496,Primary,LSO,Lesotho,
1167a675-89d3-3aba-9181-c1bcc8b5be08,THABA-PUTSOA (BOLAHLA) PRIMARY,27.95276260375977,-29.930679321289062,Primary,LSO,Lesotho,
ae1b2291-ce68-3245-998b-805c1e1ccc6e,THABA TSEKA GOVERNMENT HIGH SCHOOL,28.62308120727539,-29.522314071655277,Secondary,LSO,Lesotho,
1f8e00b9-dfeb-31dd-bff7-c6b531699593,THABA-TSEKA PRIMARY,28.564990997314453,-29.45589828491211,Primary,LSO,Lesotho,
7acb9227-1081-3395-b942-84f667b452f8,THABA-TS'OEU,27.41555976867676,-29.777971267700195,Primary,LSO,Lesotho,
934785b7-ce76-3f82-acc6-0483f8021be5,THABENG,27.504425048828125,-29.631467819213867,Secondary,LSO,Lesotho,
81ba9d27-e8ba-3ea8-940a-10cbc12fe18f,THABO GORV PRIMARY,28.107940673828125,-28.949710845947266,Primary,LSO,Lesotho,
56639bc8-2224-3b98-8ff8-c96b0f7f41e9,THABO LETSIE,27.77051544189453,-29.70039749145508,Primary,LSO,Lesotho,
4c960f81-aea2-35e2-a73c-dabd73c343b1,THABO-MATETE,27.93439674377441,-29.986574172973636,Primary,LSO,Lesotho,
d04a2415-4181-36d4-8827-ae4ea4860712,THAHA,27.89839744567871,-30.316076278686523,Primary,LSO,Lesotho,
fd1f524c-bebe-3c5f-b025-dd46b00de5b2,THAMAE,27.50400924682617,-29.84516716003418,Primary,LSO,Lesotho,
3b4dbab0-883d-3a34-ac74-42609e279dfc,THANA,27.860166549682617,-29.196889877319336,Primary,LSO,Lesotho,
9624638b-1fad-3889-b8fa-f07437dc0311,THEKO PRIMARY SCHOOL,28.5024356842041,-29.317384719848636,Primary,LSO,Lesotho,
d3451b94-2f20-338d-803c-e495900ed432,THERESSA JAMES,27.51360511779785,-29.549522399902344,Primary,LSO,Lesotho,
2da3aa5b-6052-38b7-8e99-fe4c12fa97d6,THOAHLANE RC,27.273399353027344,-29.54720497131348,Primary,LSO,Lesotho,
2a1f60ca-67a0-36ce-acd1-811c4897458d,THOKOA PRIMARY,27.748516082763672,-29.031465530395508,Primary,LSO,Lesotho,
f1fa5378-8288-3711-a8cd-966404a86fc7,THOLO,27.299999237060547,-29.5,Primary,LSO,Lesotho,
1ae4ed92-881b-3ccc-b235-7fa224ec4377,THOLO SECENDARY,27.299999237060547,-29.5,Secondary,LSO,Lesotho,
45cb42e5-b4da-392d-b850-16ce8edfb382,THOTENG COMBINED GOVT.,27.899999618530277,-30.100000381469727,Secondary,LSO,Lesotho,
5c2a77e1-c4c2-3d07-91f5-43a4661cf4bb,THOTENG (GOV) HIGH,27.963523864746094,-30.14423370361328,Secondary,LSO,Lesotho,
15af8032-ee19-37a8-bbd5-250d1e4bb534,THOTENG PRIMARY,27.95288848876953,-30.139122009277344,Primary,LSO,Lesotho,
3ff8b1e6-e4f4-3602-84c0-716f3dce61be,THUPA LIKAKA,27.376657485961918,-29.49540138244629,Secondary,LSO,Lesotho,
012a5a3e-580c-3514-b751-24509bd07cc0,THUPA-LIKAKA,27.37809181213379,-29.49266624450684,Primary,LSO,Lesotho,
88c4e65a-3033-3284-97fd-777bf17364e8,THUTO KE LESELI,27.5,-29.600000381469727,Primary,LSO,Lesotho,
0a41e034-4a0b-3426-b6f5-4c9d6633f436,THUTO KE LESELI,27.5,-29.600000381469727,Secondary,LSO,Lesotho,
d982fcf9-4f66-37f6-bb9f-31c33397e2aa,TIELA,28.63775634765625,-29.392902374267575,Primary,LSO,Lesotho,
374d18f1-4a51-302f-a08f-1a9a5338a629,TLAMETLU PRIMARY,27.5,-29.5,Primary,LSO,Lesotho,
0996d69d-cb2c-3207-a73d-0219465d6e80,TLOKOTSI A. C. L,28.18549156188965,-30.06892204284668,Primary,LSO,Lesotho,
a02230ea-a77a-3966-8f46-b3e964f294e6,TLOUOE LEC,27.61300468444824,-29.57005882263184,Primary,LSO,Lesotho,
0ff77ead-371e-3afb-909e-2ddea39144f0,TOLOANE,27.4733829498291,-29.64798927307129,Primary,LSO,Lesotho,
d5f49f25-cd7d-3243-8b88-0323c14f5998,TOPA LEC PRIMARY,28.14169311523437,-29.990612030029297,Primary,LSO,Lesotho,
210e41ac-b6a4-3962-bb25-adacabe3557c,TOSING,27.91571807861328,-30.33458709716797,Primary,LSO,Lesotho,
e5e13d67-5fe1-3102-aaee-81137841064e,TSABALIRA,27.973323822021484,-28.925308227539062,Primary,LSO,Lesotho,
4c814309-aa02-3c60-ad61-957fe29763e1,TSE'ETHE L.E.C. PRIMARY,28.15049362182617,-30.250864028930664,Primary,LSO,Lesotho,
6d809792-6c68-306a-afec-88fdec850dd7,TSEHLA PRIMARY SCHOOL,28.200000762939453,-29.100000381469727,Primary,LSO,Lesotho,
b41f8017-7fed-3187-8ce1-7c24e99618a8,TSEKA,27.511178970336918,-29.409408569335938,Primary,LSO,Lesotho,
d013ce48-ff54-3579-980b-9f381aff8abc,TS'EKELO,27.780235290527344,-29.092453002929688,Primary,LSO,Lesotho,
5a9b0d96-cb3c-3c66-87f6-bd753f8741ba,T'SEKELO LEC SECONDARY,27.780000686645508,-29.09000015258789,Secondary,LSO,Lesotho,
19e9d7e1-9245-3e73-81a6-d0506449ab2a,TS'EKELO RC PRIMARY SCHOOL,27.784574508666992,-29.09116744995117,Primary,LSO,Lesotho,
70e9fc62-b933-37d2-9a16-13d06faf34a3,TSEKONG,28.811128616333008,-29.494556427001957,Primary,LSO,Lesotho,
e8c499dd-b446-31c9-8aa4-7032c0dbc96e,TSEKONG,28.03342056274414,-30.535518646240234,Primary,LSO,Lesotho,
7400068e-d107-3097-9590-7cbdcc1f1c24,TSEKONG L.E.C.,28.16404151916504,-30.111875534057617,Primary,LSO,Lesotho,
e454bd4d-3d69-3f5e-bff9-64892e75b1d1,TS'ENEKENG,28.03085327148437,-29.912281036376957,Primary,LSO,Lesotho,
b1789d86-4f88-3366-ad87-966c8e3e6504,TS'EPE GOVERNMENT PRIMARY,28.200000762939453,-29.0,Primary,LSO,Lesotho,
7b98b1b4-0fbe-3c52-9f40-24e4e249ef5c,TSEPE SECONDARY,28.100000381469727,-29.0,Secondary,LSO,Lesotho,
106ab1e9-d503-3dcb-91a5-84adc9fdae8a,TS'EPISONG,28.004186630249023,-30.245119094848636,Primary,LSO,Lesotho,
c15eaac7-6cd2-38d7-872c-73d842cc823c,TS'IAME PRIMARY,28.0,-29.200000762939453,Primary,LSO,Lesotho,
33d352b4-34e1-30aa-8225-5124f0efbff2,TSIKOANE HIGH SCHOOL,28.0,-28.90143394470215,Secondary,LSO,Lesotho,
fbba5edc-a6ec-3491-9f56-0b90d3a9e373,TSIKOANE (ST. GERARD'S),28.00278663635254,-28.89385414123535,Primary,LSO,Lesotho,
a3fffb56-121a-3a05-9e7c-0dcc24ca62d9,TSIKOANE (ST. PAUL'S),27.99410820007324,-28.90155601501465,Primary,LSO,Lesotho,
f3331c0c-321d-30b0-827a-c4ce9d03bd85,TSIMATSI,27.90886688232422,-29.218822479248047,Primary,LSO,Lesotho,
743799db-b769-332d-af3b-7d45ab62b3fd,TS'ITSONG,28.107749938964844,-30.19194984436035,Primary,LSO,Lesotho,
4409b3d2-7d8e-3f1d-aebe-f81c83587ec8,TSOAING,27.478790283203125,-29.7199764251709,Primary,LSO,Lesotho,
43ec388d-eb18-35e4-81a2-1005d5b22ebb,TSOANA MANTATA,27.57823181152344,-29.871320724487305,Secondary,LSO,Lesotho,
254f8910-0f8a-3dfa-90d7-1444a03d0a7f,TSOELO-PELE-'MOHO PRIMARY SCHOOL,27.5,-29.399999618530277,Primary,LSO,Lesotho,
5b1c0369-6911-37ad-97a6-0d4176f67727,TS'OENENG,27.399999618530277,-29.600000381469727,Primary,LSO,Lesotho,
a553bfaa-2de6-391d-9ca3-c614a299e278,TSOENENG [NGOANA JESU],27.382648468017575,-29.56315803527832,Secondary,LSO,Lesotho,
967ff629-36c3-30ce-b59b-a4c7d2dc1b20,TSOINYANE GOVERNMENT PRIMARY,28.21400451660156,-29.06237030029297,Primary,LSO,Lesotho,
cbe90ecc-d5b9-3ee0-9777-08ea17a79831,TSOINYANE SECONDARY,28.200000762939453,-29.100000381469727,Secondary,LSO,Lesotho,
629f2de2-bc97-3902-a0ac-3c47f4555c87,TSOLO COMMUNITY PRIMARY,27.5,-29.399999618530277,Primary,LSO,Lesotho,
4c8c3ca7-027b-3831-9185-cc905f0d32e5,TSOLO-LEA-LUMA,28.072324752807617,-30.208852767944336,Primary,LSO,Lesotho,
6385d915-c3be-30db-b084-86748fdc33a1,TSUINYANA,27.732215881347656,-30.095922470092773,Primary,LSO,Lesotho,
eff82a54-a54b-3872-92c2-ed6505a3ce52,TSUNYANE PRIMARY,27.790000915527344,-30.100000381469727,Primary,LSO,Lesotho,
407ad544-809f-3da5-8951-138f232fe0f4,TUMAHOLE,28.47015953063965,-29.71822929382324,Primary,LSO,Lesotho,
cd25a87e-c5b7-336b-aa3c-834e030e96c9,UNITY,27.899999618530277,-28.899999618530277,Primary,LSO,Lesotho,
fac70091-3967-3a17-8ab5-1ab24c7bbfa9,VILLA CRUX,28.220706939697266,-28.86300277709961,Primary,LSO,Lesotho,
bf725e7f-86f6-34a3-9c33-8db205a974b2,YUAN TONG HIGH SCHOOL,27.38524627685547,-29.72901725769043,Secondary,LSO,Lesotho,
